ID;pathogenicity_score;am_class
A2C;0.4969;Amb
A2D;0.22;LBen
A2E;0.1995;LBen
A2F;0.3002;LBen
A2G;0.1091;LBen
A2H;0.4214;Amb
A2I;0.2727;LBen
A2K;0.331;LBen
A2L;0.2054;LBen
A2M;0.3342;LBen
A2N;0.1922;LBen
A2P;0.1012;LBen
A2Q;0.2494;LBen
A2R;0.2988;LBen
A2S;0.0937;LBen
A2T;0.105;LBen
A2V;0.1664;LBen
A2W;0.6348;LPath
A2Y;0.3995;Amb
T3A;0.0762;LBen
T3C;0.4468;Amb
T3D;0.3394;LBen
T3E;0.1971;LBen
T3F;0.2007;LBen
T3G;0.1873;LBen
T3H;0.2688;LBen
T3I;0.1302;LBen
T3K;0.1074;LBen
T3L;0.0966;LBen
T3M;0.123;LBen
T3N;0.1525;LBen
T3P;0.1721;LBen
T3Q;0.1391;LBen
T3R;0.0949;LBen
T3S;0.1206;LBen
T3V;0.1147;LBen
T3W;0.425;Amb
T3Y;0.2321;LBen
K4A;0.4648;Amb
K4C;0.8094;LPath
K4D;0.7563;LPath
K4E;0.3228;LBen
K4F;0.8405;LPath
K4G;0.5918;LPath
K4H;0.4182;Amb
K4I;0.541;Amb
K4L;0.5875;LPath
K4M;0.4399;Amb
K4N;0.6036;LPath
K4P;0.9005;LPath
K4Q;0.2048;LBen
K4R;0.0828;LBen
K4S;0.5311;Amb
K4T;0.2446;LBen
K4V;0.4382;Amb
K4W;0.8417;LPath
K4Y;0.706;LPath
A5C;0.9045;LPath
A5D;0.9726;LPath
A5E;0.9613;LPath
A5F;0.9379;LPath
A5G;0.2593;LBen
A5H;0.9839;LPath
A5I;0.9557;LPath
A5K;0.9857;LPath
A5L;0.8533;LPath
A5M;0.9576;LPath
A5N;0.9589;LPath
A5P;0.9733;LPath
A5Q;0.9643;LPath
A5R;0.9426;LPath
A5S;0.554;Amb
A5T;0.8609;LPath
A5V;0.8401;LPath
A5W;0.9906;LPath
A5Y;0.9501;LPath
V6A;0.6797;LPath
V6C;0.9008;LPath
V6D;0.9543;LPath
V6E;0.892;LPath
V6F;0.6015;LPath
V6G;0.7182;LPath
V6H;0.9442;LPath
V6I;0.1207;LBen
V6K;0.7892;LPath
V6L;0.6715;LPath
V6M;0.7236;LPath
V6N;0.8793;LPath
V6P;0.9841;LPath
V6Q;0.8066;LPath
V6R;0.6396;LPath
V6S;0.7444;LPath
V6T;0.6605;LPath
V6W;0.9646;LPath
V6Y;0.8893;LPath
C7A;0.3922;Amb
C7D;0.9947;LPath
C7E;0.9969;LPath
C7F;0.9405;LPath
C7G;0.6404;LPath
C7H;0.9947;LPath
C7I;0.8629;LPath
C7K;0.9983;LPath
C7L;0.9009;LPath
C7M;0.961;LPath
C7N;0.9827;LPath
C7P;0.996;LPath
C7Q;0.9937;LPath
C7R;0.9841;LPath
C7S;0.6933;LPath
C7T;0.8076;LPath
C7V;0.5332;Amb
C7W;0.9934;LPath
C7Y;0.9831;LPath
V8A;0.6311;LPath
V8C;0.7652;LPath
V8D;0.8539;LPath
V8E;0.7102;LPath
V8F;0.2838;LBen
V8G;0.635;LPath
V8H;0.7449;LPath
V8I;0.1178;LBen
V8K;0.7165;LPath
V8L;0.4419;Amb
V8M;0.4976;Amb
V8N;0.6944;LPath
V8P;0.9555;LPath
V8Q;0.5925;LPath
V8R;0.5451;Amb
V8S;0.6184;LPath
V8T;0.6024;LPath
V8W;0.8808;LPath
V8Y;0.6213;LPath
L9A;0.9098;LPath
L9C;0.9405;LPath
L9D;0.9958;LPath
L9E;0.9751;LPath
L9F;0.5168;Amb
L9G;0.9657;LPath
L9H;0.9797;LPath
L9I;0.2121;LBen
L9K;0.9608;LPath
L9M;0.3257;LBen
L9N;0.9851;LPath
L9P;0.9745;LPath
L9Q;0.9431;LPath
L9R;0.9375;LPath
L9S;0.9803;LPath
L9T;0.9336;LPath
L9V;0.3123;LBen
L9W;0.917;LPath
L9Y;0.9469;LPath
K10A;0.3984;Amb
K10C;0.7279;LPath
K10D;0.6977;LPath
K10E;0.2927;LBen
K10F;0.7433;LPath
K10G;0.5248;Amb
K10H;0.2925;LBen
K10I;0.4053;Amb
K10L;0.4698;Amb
K10M;0.3581;Amb
K10N;0.5475;Amb
K10P;0.8978;LPath
K10Q;0.1543;LBen
K10R;0.0801;LBen
K10S;0.4521;Amb
K10T;0.2237;LBen
K10V;0.3679;Amb
K10W;0.7155;LPath
K10Y;0.6146;LPath
G11A;0.4047;Amb
G11C;0.7827;LPath
G11D;0.7661;LPath
G11E;0.7889;LPath
G11F;0.9406;LPath
G11H;0.9315;LPath
G11I;0.878;LPath
G11K;0.9098;LPath
G11L;0.9089;LPath
G11M;0.9271;LPath
G11N;0.797;LPath
G11P;0.9367;LPath
G11Q;0.8731;LPath
G11R;0.8566;LPath
G11S;0.4142;Amb
G11T;0.638;LPath
G11V;0.7455;LPath
G11W;0.8899;LPath
G11Y;0.902;LPath
D12A;0.1153;LBen
D12C;0.5537;Amb
D12E;0.1193;LBen
D12F;0.4936;Amb
D12G;0.1225;LBen
D12H;0.2613;LBen
D12I;0.2826;LBen
D12K;0.2778;LBen
D12L;0.3183;LBen
D12M;0.5199;Amb
D12N;0.1005;LBen
D12P;0.3777;Amb
D12Q;0.2268;LBen
D12R;0.2997;LBen
D12S;0.0949;LBen
D12T;0.1475;LBen
D12V;0.1668;LBen
D12W;0.8071;LPath
D12Y;0.2305;LBen
G13A;0.1679;LBen
G13C;0.3221;LBen
G13D;0.3;LBen
G13E;0.2679;LBen
G13F;0.5645;LPath
G13H;0.4981;Amb
G13I;0.3195;LBen
G13K;0.4388;Amb
G13L;0.4321;Amb
G13M;0.5407;Amb
G13N;0.3509;Amb
G13P;0.802;LPath
G13Q;0.3849;Amb
G13R;0.3962;Amb
G13S;0.1476;LBen
G13T;0.2058;LBen
G13V;0.212;LBen
G13W;0.5917;LPath
G13Y;0.5058;Amb
P14A;0.0648;LBen
P14C;0.42;Amb
P14D;0.1618;LBen
P14E;0.1325;LBen
P14F;0.3744;Amb
P14G;0.151;LBen
P14H;0.1452;LBen
P14I;0.2016;LBen
P14K;0.1452;LBen
P14L;0.1284;LBen
P14M;0.2425;LBen
P14N;0.145;LBen
P14Q;0.1123;LBen
P14R;0.1273;LBen
P14S;0.0888;LBen
P14T;0.0729;LBen
P14V;0.152;LBen
P14W;0.5261;Amb
P14Y;0.3209;LBen
V15A;0.4522;Amb
V15C;0.8695;LPath
V15D;0.9333;LPath
V15E;0.873;LPath
V15F;0.7281;LPath
V15G;0.5562;Amb
V15H;0.9645;LPath
V15I;0.15;LBen
V15K;0.9123;LPath
V15L;0.6331;LPath
V15M;0.7232;LPath
V15N;0.8754;LPath
V15P;0.7905;LPath
V15Q;0.8558;LPath
V15R;0.8186;LPath
V15S;0.6328;LPath
V15T;0.5002;Amb
V15W;0.9861;LPath
V15Y;0.944;LPath
Q16A;0.1553;LBen
Q16C;0.5465;Amb
Q16D;0.2791;LBen
Q16E;0.0624;LBen
Q16F;0.5345;Amb
Q16G;0.2002;LBen
Q16H;0.1771;LBen
Q16I;0.3128;LBen
Q16K;0.104;LBen
Q16L;0.1609;LBen
Q16M;0.3356;LBen
Q16N;0.2231;LBen
Q16P;0.5491;Amb
Q16R;0.1017;LBen
Q16S;0.1389;LBen
Q16T;0.102;LBen
Q16V;0.1968;LBen
Q16W;0.4678;Amb
Q16Y;0.354;Amb
G17A;0.8491;LPath
G17C;0.9717;LPath
G17D;0.974;LPath
G17E;0.9811;LPath
G17F;0.9949;LPath
G17H;0.9982;LPath
G17I;0.9847;LPath
G17K;0.9962;LPath
G17L;0.99;LPath
G17M;0.9948;LPath
G17N;0.9934;LPath
G17P;0.9988;LPath
G17Q;0.9944;LPath
G17R;0.9908;LPath
G17S;0.9401;LPath
G17T;0.978;LPath
G17V;0.9589;LPath
G17W;0.9925;LPath
G17Y;0.9941;LPath
I18A;0.4368;Amb
I18C;0.7003;LPath
I18D;0.7127;LPath
I18E;0.5248;Amb
I18F;0.2565;LBen
I18G;0.7644;LPath
I18H;0.5216;Amb
I18K;0.3557;Amb
I18L;0.2207;LBen
I18M;0.1578;LBen
I18N;0.2813;LBen
I18P;0.9502;LPath
I18Q;0.4117;Amb
I18R;0.2821;LBen
I18S;0.3094;LBen
I18T;0.1477;LBen
I18V;0.0839;LBen
I18W;0.8043;LPath
I18Y;0.5345;Amb
I19A;0.9295;LPath
I19C;0.9442;LPath
I19D;0.9977;LPath
I19E;0.9933;LPath
I19F;0.7455;LPath
I19G;0.9861;LPath
I19H;0.9946;LPath
I19K;0.9866;LPath
I19L;0.2556;LBen
I19M;0.4926;Amb
I19N;0.9815;LPath
I19P;0.9917;LPath
I19Q;0.9867;LPath
I19R;0.9747;LPath
I19S;0.969;LPath
I19T;0.9449;LPath
I19V;0.1276;LBen
I19W;0.9913;LPath
I19Y;0.981;LPath
N20A;0.2294;LBen
N20C;0.1799;LBen
N20D;0.2448;LBen
N20E;0.3609;Amb
N20F;0.2749;LBen
N20G;0.369;Amb
N20H;0.0492;LBen
N20I;0.1381;LBen
N20K;0.2525;LBen
N20L;0.1795;LBen
N20M;0.309;LBen
N20P;0.8852;LPath
N20Q;0.2343;LBen
N20R;0.1812;LBen
N20S;0.0852;LBen
N20T;0.0942;LBen
N20V;0.1585;LBen
N20W;0.5184;Amb
N20Y;0.0735;LBen
F21A;0.9585;LPath
F21C;0.9208;LPath
F21D;0.9964;LPath
F21E;0.9954;LPath
F21G;0.9864;LPath
F21H;0.9889;LPath
F21I;0.6001;LPath
F21K;0.9954;LPath
F21L;0.9179;LPath
F21M;0.8525;LPath
F21N;0.9955;LPath
F21P;0.9988;LPath
F21Q;0.9935;LPath
F21R;0.9847;LPath
F21S;0.9862;LPath
F21T;0.9731;LPath
F21V;0.6766;LPath
F21W;0.9009;LPath
F21Y;0.8151;LPath
E22A;0.287;LBen
E22C;0.8484;LPath
E22D;0.4066;Amb
E22F;0.753;LPath
E22G;0.4389;Amb
E22H;0.5348;Amb
E22I;0.3398;LBen
E22K;0.3395;LBen
E22L;0.4696;Amb
E22M;0.5568;Amb
E22N;0.5941;LPath
E22P;0.9785;LPath
E22Q;0.1509;LBen
E22R;0.4055;Amb
E22S;0.2962;LBen
E22T;0.2827;LBen
E22V;0.2444;LBen
E22W;0.8905;LPath
E22Y;0.6449;LPath
Q23A;0.6869;LPath
Q23C;0.9822;LPath
Q23D;0.8917;LPath
Q23E;0.2349;LBen
Q23F;0.9776;LPath
Q23G;0.6364;LPath
Q23H;0.9414;LPath
Q23I;0.9019;LPath
Q23K;0.7053;LPath
Q23L;0.7723;LPath
Q23M;0.7661;LPath
Q23N;0.7909;LPath
Q23P;0.8998;LPath
Q23R;0.7315;LPath
Q23S;0.7459;LPath
Q23T;0.7917;LPath
Q23V;0.8134;LPath
Q23W;0.9862;LPath
Q23Y;0.9723;LPath
K24A;0.1375;LBen
K24C;0.5688;LPath
K24D;0.2272;LBen
K24E;0.0809;LBen
K24F;0.519;Amb
K24G;0.1848;LBen
K24H;0.2502;LBen
K24I;0.1653;LBen
K24L;0.1756;LBen
K24M;0.1287;LBen
K24N;0.1839;LBen
K24P;0.2909;LBen
K24Q;0.0929;LBen
K24R;0.0863;LBen
K24S;0.1735;LBen
K24T;0.0794;LBen
K24V;0.1442;LBen
K24W;0.541;Amb
K24Y;0.4381;Amb
E25A;0.0908;LBen
E25C;0.5836;LPath
E25D;0.0728;LBen
E25F;0.4493;Amb
E25G;0.0691;LBen
E25H;0.2404;LBen
E25I;0.1992;LBen
E25K;0.1432;LBen
E25L;0.2326;LBen
E25M;0.3092;LBen
E25N;0.1258;LBen
E25P;0.3656;Amb
E25Q;0.106;LBen
E25R;0.1924;LBen
E25S;0.1005;LBen
E25T;0.1085;LBen
E25V;0.1201;LBen
E25W;0.6845;LPath
E25Y;0.3228;LBen
S26A;0.0697;LBen
S26C;0.1353;LBen
S26D;0.1118;LBen
S26E;0.1157;LBen
S26F;0.2184;LBen
S26G;0.0648;LBen
S26H;0.1709;LBen
S26I;0.1023;LBen
S26K;0.1677;LBen
S26L;0.1138;LBen
S26M;0.1621;LBen
S26N;0.0771;LBen
S26P;0.07;LBen
S26Q;0.1589;LBen
S26R;0.1574;LBen
S26T;0.0775;LBen
S26V;0.1157;LBen
S26W;0.2148;LBen
S26Y;0.1548;LBen
N27A;0.1026;LBen
N27C;0.1879;LBen
N27D;0.0673;LBen
N27E;0.1601;LBen
N27F;0.3253;LBen
N27G;0.1058;LBen
N27H;0.082;LBen
N27I;0.1764;LBen
N27K;0.1264;LBen
N27L;0.1771;LBen
N27M;0.2603;LBen
N27P;0.332;LBen
N27Q;0.1638;LBen
N27R;0.1438;LBen
N27S;0.0576;LBen
N27T;0.0844;LBen
N27V;0.1574;LBen
N27W;0.4964;Amb
N27Y;0.1259;LBen
G28A;0.1207;LBen
G28C;0.2231;LBen
G28D;0.2333;LBen
G28E;0.2325;LBen
G28F;0.5627;Amb
G28H;0.3841;Amb
G28I;0.328;LBen
G28K;0.4142;Amb
G28L;0.3951;Amb
G28M;0.5031;Amb
G28N;0.3779;Amb
G28P;0.9131;LPath
G28Q;0.3155;LBen
G28R;0.321;LBen
G28S;0.1074;LBen
G28T;0.185;LBen
G28V;0.2333;LBen
G28W;0.4864;Amb
G28Y;0.4206;Amb
P29A;0.0765;LBen
P29C;0.3964;Amb
P29D;0.3289;LBen
P29E;0.2494;LBen
P29F;0.3846;Amb
P29G;0.2581;LBen
P29H;0.1667;LBen
P29I;0.2001;LBen
P29K;0.1689;LBen
P29L;0.1142;LBen
P29M;0.2578;LBen
P29N;0.25;LBen
P29Q;0.155;LBen
P29R;0.1177;LBen
P29S;0.125;LBen
P29T;0.0941;LBen
P29V;0.153;LBen
P29W;0.5481;Amb
P29Y;0.3779;Amb
V30A;0.6817;LPath
V30C;0.9146;LPath
V30D;0.9822;LPath
V30E;0.9623;LPath
V30F;0.8965;LPath
V30G;0.7209;LPath
V30H;0.9934;LPath
V30I;0.1772;LBen
V30K;0.978;LPath
V30L;0.6132;LPath
V30M;0.6192;LPath
V30N;0.9454;LPath
V30P;0.9863;LPath
V30Q;0.9557;LPath
V30R;0.9595;LPath
V30S;0.8209;LPath
V30T;0.4268;Amb
V30W;0.998;LPath
V30Y;0.9906;LPath
K31A;0.2577;LBen
K31C;0.5063;Amb
K31D;0.5633;Amb
K31E;0.1635;LBen
K31F;0.5371;Amb
K31G;0.4771;Amb
K31H;0.1869;LBen
K31I;0.1692;LBen
K31L;0.2204;LBen
K31M;0.1318;LBen
K31N;0.3191;LBen
K31P;0.9402;LPath
K31Q;0.1142;LBen
K31R;0.0753;LBen
K31S;0.2855;LBen
K31T;0.0937;LBen
K31V;0.1593;LBen
K31W;0.5738;LPath
K31Y;0.459;Amb
V32A;0.7701;LPath
V32C;0.9229;LPath
V32D;0.9836;LPath
V32E;0.9673;LPath
V32F;0.7121;LPath
V32G;0.761;LPath
V32H;0.989;LPath
V32I;0.0966;LBen
V32K;0.9737;LPath
V32L;0.3459;Amb
V32M;0.6169;LPath
V32N;0.9667;LPath
V32P;0.9799;LPath
V32Q;0.9676;LPath
V32R;0.9505;LPath
V32S;0.929;LPath
V32T;0.8905;LPath
V32W;0.987;LPath
V32Y;0.9524;LPath
W33A;0.1389;LBen
W33C;0.4;Amb
W33D;0.4048;Amb
W33E;0.2529;LBen
W33F;0.1351;LBen
W33G;0.1339;LBen
W33H;0.2035;LBen
W33I;0.1793;LBen
W33K;0.2169;LBen
W33L;0.1978;LBen
W33M;0.2255;LBen
W33N;0.2805;LBen
W33P;0.9795;LPath
W33Q;0.2347;LBen
W33R;0.1986;LBen
W33S;0.0702;LBen
W33T;0.0594;LBen
W33V;0.1592;LBen
W33Y;0.2529;LBen
G34A;0.74;LPath
G34C;0.9442;LPath
G34D;0.988;LPath
G34E;0.9901;LPath
G34F;0.989;LPath
G34H;0.9979;LPath
G34I;0.9622;LPath
G34K;0.9961;LPath
G34L;0.9806;LPath
G34M;0.9916;LPath
G34N;0.9942;LPath
G34P;0.9988;LPath
G34Q;0.9936;LPath
G34R;0.9872;LPath
G34S;0.9117;LPath
G34T;0.968;LPath
G34V;0.9282;LPath
G34W;0.9914;LPath
G34Y;0.9915;LPath
S35A;0.1047;LBen
S35C;0.1258;LBen
S35D;0.3515;Amb
S35E;0.2875;LBen
S35F;0.2126;LBen
S35G;0.128;LBen
S35H;0.1812;LBen
S35I;0.1577;LBen
S35K;0.2787;LBen
S35L;0.1466;LBen
S35M;0.2015;LBen
S35N;0.1214;LBen
S35P;0.7751;LPath
S35Q;0.2402;LBen
S35R;0.2052;LBen
S35T;0.0792;LBen
S35V;0.1667;LBen
S35W;0.32;LBen
S35Y;0.1627;LBen
I36A;0.9528;LPath
I36C;0.9726;LPath
I36D;0.998;LPath
I36E;0.9921;LPath
I36F;0.6083;LPath
I36G;0.9924;LPath
I36H;0.9946;LPath
I36K;0.9864;LPath
I36L;0.2781;LBen
I36M;0.4127;Amb
I36N;0.9883;LPath
I36P;0.9911;LPath
I36Q;0.987;LPath
I36R;0.9745;LPath
I36S;0.9773;LPath
I36T;0.9729;LPath
I36V;0.1441;LBen
I36W;0.986;LPath
I36Y;0.9699;LPath
K37A;0.2404;LBen
K37C;0.5913;LPath
K37D;0.4512;Amb
K37E;0.1218;LBen
K37F;0.6514;LPath
K37G;0.3517;Amb
K37H;0.1946;LBen
K37I;0.2904;LBen
K37L;0.335;LBen
K37M;0.2075;LBen
K37N;0.2937;LBen
K37P;0.8972;LPath
K37Q;0.1017;LBen
K37R;0.0761;LBen
K37S;0.2117;LBen
K37T;0.0875;LBen
K37V;0.2715;LBen
K37W;0.6688;LPath
K37Y;0.486;Amb
G38A;0.5617;Amb
G38C;0.7375;LPath
G38D;0.4816;Amb
G38E;0.7136;LPath
G38F;0.9389;LPath
G38H;0.8538;LPath
G38I;0.9252;LPath
G38K;0.9161;LPath
G38L;0.9172;LPath
G38M;0.9321;LPath
G38N;0.515;Amb
G38P;0.9927;LPath
G38Q;0.8426;LPath
G38R;0.8643;LPath
G38S;0.3884;Amb
G38T;0.782;LPath
G38V;0.846;LPath
G38W;0.8821;LPath
G38Y;0.8286;LPath
L39A;0.9232;LPath
L39C;0.9172;LPath
L39D;0.9963;LPath
L39E;0.9853;LPath
L39F;0.7757;LPath
L39G;0.9679;LPath
L39H;0.9764;LPath
L39I;0.4866;Amb
L39K;0.9575;LPath
L39M;0.5351;Amb
L39N;0.9775;LPath
L39P;0.9812;LPath
L39Q;0.9525;LPath
L39R;0.9239;LPath
L39S;0.9857;LPath
L39T;0.9499;LPath
L39V;0.5391;Amb
L39W;0.9701;LPath
L39Y;0.9713;LPath
T40A;0.0764;LBen
T40C;0.4299;Amb
T40D;0.3013;LBen
T40E;0.2093;LBen
T40F;0.4143;Amb
T40G;0.1828;LBen
T40H;0.2474;LBen
T40I;0.2498;LBen
T40K;0.1245;LBen
T40L;0.1486;LBen
T40M;0.1467;LBen
T40N;0.1345;LBen
T40P;0.1006;LBen
T40Q;0.1604;LBen
T40R;0.1271;LBen
T40S;0.0908;LBen
T40V;0.1813;LBen
T40W;0.6668;LPath
T40Y;0.3931;Amb
E41A;0.084;LBen
E41C;0.7863;LPath
E41D;0.1938;LBen
E41F;0.8444;LPath
E41G;0.1274;LBen
E41H;0.4657;Amb
E41I;0.4218;Amb
E41K;0.1248;LBen
E41L;0.4759;Amb
E41M;0.4986;Amb
E41N;0.2847;LBen
E41P;0.1277;LBen
E41Q;0.1196;LBen
E41R;0.2014;LBen
E41S;0.1472;LBen
E41T;0.1924;LBen
E41V;0.2206;LBen
E41W;0.9319;LPath
E41Y;0.6922;LPath
G42A;0.7071;LPath
G42C;0.8466;LPath
G42D;0.7483;LPath
G42E;0.85;LPath
G42F;0.9684;LPath
G42H;0.9462;LPath
G42I;0.9379;LPath
G42K;0.9418;LPath
G42L;0.9552;LPath
G42M;0.9642;LPath
G42N;0.7844;LPath
G42P;0.9923;LPath
G42Q;0.9175;LPath
G42R;0.9001;LPath
G42S;0.5177;Amb
G42T;0.7967;LPath
G42V;0.8796;LPath
G42W;0.9523;LPath
G42Y;0.938;LPath
L43A;0.1434;LBen
L43C;0.4319;Amb
L43D;0.2232;LBen
L43E;0.124;LBen
L43F;0.1853;LBen
L43G;0.376;Amb
L43H;0.1699;LBen
L43I;0.1318;LBen
L43K;0.0997;LBen
L43M;0.1365;LBen
L43N;0.175;LBen
L43P;0.1167;LBen
L43Q;0.0828;LBen
L43R;0.1105;LBen
L43S;0.1392;LBen
L43T;0.1523;LBen
L43V;0.1085;LBen
L43W;0.2769;LBen
L43Y;0.2898;LBen
H44A;0.9797;LPath
H44C;0.835;LPath
H44D;0.9911;LPath
H44E;0.9854;LPath
H44F;0.8813;LPath
H44G;0.9798;LPath
H44I;0.9765;LPath
H44K;0.9428;LPath
H44L;0.8323;LPath
H44M;0.9822;LPath
H44N;0.9376;LPath
H44P;0.9369;LPath
H44Q;0.9499;LPath
H44R;0.7571;LPath
H44S;0.9736;LPath
H44T;0.9854;LPath
H44V;0.9673;LPath
H44W;0.8279;LPath
H44Y;0.7153;LPath
G45A;0.7209;LPath
G45C;0.9621;LPath
G45D;0.9908;LPath
G45E;0.9936;LPath
G45F;0.997;LPath
G45H;0.9976;LPath
G45I;0.9915;LPath
G45K;0.9964;LPath
G45L;0.9932;LPath
G45M;0.9982;LPath
G45N;0.9954;LPath
G45P;0.9967;LPath
G45Q;0.9943;LPath
G45R;0.9769;LPath
G45S;0.8804;LPath
G45T;0.9826;LPath
G45V;0.9805;LPath
G45W;0.9951;LPath
G45Y;0.9963;LPath
F46A;0.9677;LPath
F46C;0.7802;LPath
F46D;0.9973;LPath
F46E;0.9971;LPath
F46G;0.9863;LPath
F46H;0.9895;LPath
F46I;0.4979;Amb
F46K;0.9962;LPath
F46L;0.9175;LPath
F46M;0.743;LPath
F46N;0.9899;LPath
F46P;0.9991;LPath
F46Q;0.9935;LPath
F46R;0.9903;LPath
F46S;0.9812;LPath
F46T;0.9828;LPath
F46V;0.6623;LPath
F46W;0.8549;LPath
F46Y;0.6734;LPath
H47A;0.9947;LPath
H47C;0.9314;LPath
H47D;0.9948;LPath
H47E;0.9961;LPath
H47F;0.9809;LPath
H47G;0.997;LPath
H47I;0.9953;LPath
H47K;0.9928;LPath
H47L;0.9709;LPath
H47M;0.9951;LPath
H47N;0.9905;LPath
H47P;0.9756;LPath
H47Q;0.9912;LPath
H47R;0.9825;LPath
H47S;0.9898;LPath
H47T;0.9966;LPath
H47V;0.9955;LPath
H47W;0.9592;LPath
H47Y;0.9743;LPath
V48A;0.9134;LPath
V48C;0.9689;LPath
V48D;0.9936;LPath
V48E;0.9892;LPath
V48F;0.8883;LPath
V48G;0.9251;LPath
V48H;0.9967;LPath
V48I;0.0995;LBen
V48K;0.993;LPath
V48L;0.7825;LPath
V48M;0.8755;LPath
V48N;0.9873;LPath
V48P;0.9892;LPath
V48Q;0.9883;LPath
V48R;0.9825;LPath
V48S;0.9537;LPath
V48T;0.9407;LPath
V48W;0.9974;LPath
V48Y;0.9884;LPath
H49A;0.9957;LPath
H49C;0.8962;LPath
H49D;0.9945;LPath
H49E;0.9942;LPath
H49F;0.9793;LPath
H49G;0.9959;LPath
H49I;0.9974;LPath
H49K;0.9925;LPath
H49L;0.9718;LPath
H49M;0.9903;LPath
H49N;0.9933;LPath
H49P;0.9778;LPath
H49Q;0.9906;LPath
H49R;0.9817;LPath
H49S;0.9939;LPath
H49T;0.9974;LPath
H49V;0.9962;LPath
H49W;0.9393;LPath
H49Y;0.9734;LPath
E50A;0.2171;LBen
E50C;0.9006;LPath
E50D;0.7082;LPath
E50F;0.933;LPath
E50G;0.4902;Amb
E50H;0.7857;LPath
E50I;0.5368;Amb
E50K;0.4001;Amb
E50L;0.6988;LPath
E50M;0.5421;Amb
E50N;0.7076;LPath
E50P;0.9725;LPath
E50Q;0.1169;LBen
E50R;0.4746;Amb
E50S;0.3565;Amb
E50T;0.2674;LBen
E50V;0.3334;LBen
E50W;0.9823;LPath
E50Y;0.8881;LPath
F51A;0.8053;LPath
F51C;0.6767;LPath
F51D;0.8933;LPath
F51E;0.9426;LPath
F51G;0.8636;LPath
F51H;0.6674;LPath
F51I;0.7838;LPath
F51K;0.8229;LPath
F51L;0.9633;LPath
F51M;0.8315;LPath
F51N;0.7254;LPath
F51P;0.9984;LPath
F51Q;0.8799;LPath
F51R;0.7485;LPath
F51S;0.7314;LPath
F51T;0.811;LPath
F51V;0.7425;LPath
F51W;0.4864;Amb
F51Y;0.1182;LBen
G52A;0.8929;LPath
G52C;0.9739;LPath
G52D;0.9925;LPath
G52E;0.9924;LPath
G52F;0.9958;LPath
G52H;0.9976;LPath
G52I;0.9941;LPath
G52K;0.9958;LPath
G52L;0.9931;LPath
G52M;0.9976;LPath
G52N;0.997;LPath
G52P;0.9958;LPath
G52Q;0.9918;LPath
G52R;0.9761;LPath
G52S;0.9173;LPath
G52T;0.984;LPath
G52V;0.9866;LPath
G52W;0.9862;LPath
G52Y;0.996;LPath
D53A;0.9474;LPath
D53C;0.9844;LPath
D53E;0.9614;LPath
D53F;0.9877;LPath
D53G;0.95;LPath
D53H;0.9671;LPath
D53I;0.968;LPath
D53K;0.9803;LPath
D53L;0.9638;LPath
D53M;0.994;LPath
D53N;0.5016;Amb
D53P;0.9935;LPath
D53Q;0.9804;LPath
D53R;0.9705;LPath
D53S;0.8412;LPath
D53T;0.9659;LPath
D53V;0.9155;LPath
D53W;0.9971;LPath
D53Y;0.8843;LPath
N54A;0.3861;Amb
N54C;0.2996;LBen
N54D;0.4652;Amb
N54E;0.7465;LPath
N54F;0.6336;LPath
N54G;0.5175;Amb
N54H;0.2673;LBen
N54I;0.2078;LBen
N54K;0.7132;LPath
N54L;0.1744;LBen
N54M;0.347;Amb
N54P;0.8289;LPath
N54Q;0.6347;LPath
N54R;0.6625;LPath
N54S;0.1221;LBen
N54T;0.1395;LBen
N54V;0.2061;LBen
N54W;0.8807;LPath
N54Y;0.2568;LBen
T55A;0.3306;LBen
T55C;0.8606;LPath
T55D;0.8707;LPath
T55E;0.774;LPath
T55F;0.8242;LPath
T55G;0.4824;Amb
T55H;0.5969;LPath
T55I;0.8127;LPath
T55K;0.5374;Amb
T55L;0.5338;Amb
T55M;0.4651;Amb
T55N;0.5986;LPath
T55P;0.7895;LPath
T55Q;0.5457;Amb
T55R;0.2824;LBen
T55S;0.2196;LBen
T55V;0.655;LPath
T55W;0.9244;LPath
T55Y;0.799;LPath
A56C;0.3892;Amb
A56D;0.1482;LBen
A56E;0.1176;LBen
A56F;0.3013;LBen
A56G;0.0987;LBen
A56H;0.2445;LBen
A56I;0.271;LBen
A56K;0.1666;LBen
A56L;0.1383;LBen
A56M;0.2005;LBen
A56N;0.1109;LBen
A56P;0.6889;LPath
A56Q;0.0992;LBen
A56R;0.1601;LBen
A56S;0.0737;LBen
A56T;0.0844;LBen
A56V;0.1404;LBen
A56W;0.643;LPath
A56Y;0.3637;Amb
G57A;0.5167;Amb
G57C;0.7279;LPath
G57D;0.6601;LPath
G57E;0.8084;LPath
G57F;0.9216;LPath
G57H;0.8632;LPath
G57I;0.8837;LPath
G57K;0.8772;LPath
G57L;0.8898;LPath
G57M;0.9255;LPath
G57N;0.687;LPath
G57P;0.98;LPath
G57Q;0.8185;LPath
G57R;0.7695;LPath
G57S;0.3152;LBen
G57T;0.6579;LPath
G57V;0.7962;LPath
G57W;0.9001;LPath
G57Y;0.8708;LPath
C58A;0.9772;LPath
C58D;0.9915;LPath
C58E;0.9977;LPath
C58F;0.9271;LPath
C58G;0.9098;LPath
C58H;0.9941;LPath
C58I;0.984;LPath
C58K;0.9979;LPath
C58L;0.9678;LPath
C58M;0.9838;LPath
C58N;0.9896;LPath
C58P;0.9911;LPath
C58Q;0.9971;LPath
C58R;0.9866;LPath
C58S;0.9784;LPath
C58T;0.9902;LPath
C58V;0.975;LPath
C58W;0.9715;LPath
C58Y;0.9738;LPath
T59A;0.0867;LBen
T59C;0.5241;Amb
T59D;0.4106;Amb
T59E;0.3196;LBen
T59F;0.311;LBen
T59G;0.2117;LBen
T59H;0.2831;LBen
T59I;0.1445;LBen
T59K;0.1679;LBen
T59L;0.0884;LBen
T59M;0.1138;LBen
T59N;0.1458;LBen
T59P;0.158;LBen
T59Q;0.209;LBen
T59R;0.1627;LBen
T59S;0.1184;LBen
T59V;0.1331;LBen
T59W;0.7076;LPath
T59Y;0.3765;Amb
S60A;0.2507;LBen
S60C;0.5991;LPath
S60D;0.9192;LPath
S60E;0.9433;LPath
S60F;0.8862;LPath
S60G;0.3128;LBen
S60H;0.8706;LPath
S60I;0.8732;LPath
S60K;0.9638;LPath
S60L;0.5753;LPath
S60M;0.7262;LPath
S60N;0.7424;LPath
S60P;0.9405;LPath
S60Q;0.9097;LPath
S60R;0.9429;LPath
S60T;0.1469;LBen
S60V;0.7702;LPath
S60W;0.9132;LPath
S60Y;0.8603;LPath
A61C;0.8016;LPath
A61D;0.9879;LPath
A61E;0.9795;LPath
A61F;0.971;LPath
A61G;0.5395;Amb
A61H;0.9813;LPath
A61I;0.9499;LPath
A61K;0.9895;LPath
A61L;0.8114;LPath
A61M;0.9063;LPath
A61N;0.9687;LPath
A61P;0.9632;LPath
A61Q;0.9517;LPath
A61R;0.9585;LPath
A61S;0.2871;LBen
A61T;0.4778;Amb
A61V;0.7815;LPath
A61W;0.9941;LPath
A61Y;0.985;LPath
G62A;0.76;LPath
G62C;0.8915;LPath
G62D;0.977;LPath
G62E;0.977;LPath
G62F;0.9729;LPath
G62H;0.9833;LPath
G62I;0.9692;LPath
G62K;0.96;LPath
G62L;0.9517;LPath
G62M;0.9779;LPath
G62N;0.9754;LPath
G62P;0.9934;LPath
G62Q;0.9633;LPath
G62R;0.9185;LPath
G62S;0.7686;LPath
G62T;0.9578;LPath
G62V;0.9471;LPath
G62W;0.9615;LPath
G62Y;0.9767;LPath
P63A;0.0874;LBen
P63C;0.7385;LPath
P63D;0.6142;LPath
P63E;0.5362;Amb
P63F;0.7814;LPath
P63G;0.2044;LBen
P63H;0.5032;Amb
P63I;0.7037;LPath
P63K;0.5819;LPath
P63L;0.3777;Amb
P63M;0.628;LPath
P63N;0.5535;Amb
P63Q;0.3972;Amb
P63R;0.4516;Amb
P63S;0.1781;LBen
P63T;0.2926;LBen
P63V;0.5258;Amb
P63W;0.8782;LPath
P63Y;0.784;LPath
H64A;0.9936;LPath
H64C;0.9363;LPath
H64D;0.9942;LPath
H64E;0.9957;LPath
H64F;0.9819;LPath
H64G;0.9978;LPath
H64I;0.9948;LPath
H64K;0.9943;LPath
H64L;0.9644;LPath
H64M;0.9951;LPath
H64N;0.9899;LPath
H64P;0.9419;LPath
H64Q;0.9943;LPath
H64R;0.9826;LPath
H64S;0.9919;LPath
H64T;0.9978;LPath
H64V;0.9945;LPath
H64W;0.9691;LPath
H64Y;0.9631;LPath
F65A;0.9918;LPath
F65C;0.9624;LPath
F65D;0.9963;LPath
F65E;0.9972;LPath
F65G;0.9927;LPath
F65H;0.9589;LPath
F65I;0.9431;LPath
F65K;0.9953;LPath
F65L;0.9876;LPath
F65M;0.9778;LPath
F65N;0.9906;LPath
F65P;0.9993;LPath
F65Q;0.9942;LPath
F65R;0.9816;LPath
F65S;0.9868;LPath
F65T;0.9943;LPath
F65V;0.9448;LPath
F65W;0.7228;LPath
F65Y;0.2427;LBen
N66A;0.8979;LPath
N66C;0.7208;LPath
N66D;0.8185;LPath
N66E;0.9703;LPath
N66F;0.9623;LPath
N66G;0.9465;LPath
N66H;0.6814;LPath
N66I;0.9154;LPath
N66K;0.9826;LPath
N66L;0.8657;LPath
N66M;0.9482;LPath
N66P;0.9517;LPath
N66Q;0.9445;LPath
N66R;0.949;LPath
N66S;0.3044;LBen
N66T;0.8669;LPath
N66V;0.9243;LPath
N66W;0.9864;LPath
N66Y;0.7905;LPath
P67A;0.7949;LPath
P67C;0.9732;LPath
P67D;0.9724;LPath
P67E;0.9502;LPath
P67F;0.9753;LPath
P67G;0.934;LPath
P67H;0.8847;LPath
P67I;0.8817;LPath
P67K;0.934;LPath
P67L;0.7961;LPath
P67M;0.9517;LPath
P67N;0.9746;LPath
P67Q;0.9117;LPath
P67R;0.8152;LPath
P67S;0.9068;LPath
P67T;0.8118;LPath
P67V;0.8136;LPath
P67W;0.9834;LPath
P67Y;0.9577;LPath
L68A;0.1746;LBen
L68C;0.3732;Amb
L68D;0.2944;LBen
L68E;0.1801;LBen
L68F;0.0822;LBen
L68G;0.2781;LBen
L68H;0.1154;LBen
L68I;0.1545;LBen
L68K;0.1778;LBen
L68M;0.1342;LBen
L68N;0.2125;LBen
L68P;0.4766;Amb
L68Q;0.1089;LBen
L68R;0.1458;LBen
L68S;0.1578;LBen
L68T;0.1748;LBen
L68V;0.1223;LBen
L68W;0.1935;LBen
L68Y;0.1952;LBen
S69A;0.1027;LBen
S69C;0.1354;LBen
S69D;0.2302;LBen
S69E;0.2976;LBen
S69F;0.2481;LBen
S69G;0.0661;LBen
S69H;0.2235;LBen
S69I;0.376;Amb
S69K;0.3919;Amb
S69L;0.139;LBen
S69M;0.2689;LBen
S69N;0.1109;LBen
S69P;0.4929;Amb
S69Q;0.2872;LBen
S69R;0.3784;Amb
S69T;0.1553;LBen
S69V;0.3385;LBen
S69W;0.356;Amb
S69Y;0.1834;LBen
R70A;0.3333;LBen
R70C;0.1597;LBen
R70D;0.7355;LPath
R70E;0.3324;LBen
R70F;0.5643;LPath
R70G;0.2155;LBen
R70H;0.1329;LBen
R70I;0.2573;LBen
R70K;0.0822;LBen
R70L;0.2068;LBen
R70M;0.1961;LBen
R70N;0.5626;Amb
R70P;0.8583;LPath
R70Q;0.102;LBen
R70S;0.3956;Amb
R70T;0.2119;LBen
R70V;0.2602;LBen
R70W;0.2835;LBen
R70Y;0.4775;Amb
K71A;0.2603;LBen
K71C;0.6405;LPath
K71D;0.3954;Amb
K71E;0.1888;LBen
K71F;0.6801;LPath
K71G;0.3664;Amb
K71H;0.2827;LBen
K71I;0.2171;LBen
K71L;0.2533;LBen
K71M;0.1714;LBen
K71N;0.2281;LBen
K71P;0.394;Amb
K71Q;0.1249;LBen
K71R;0.1079;LBen
K71S;0.2643;LBen
K71T;0.1067;LBen
K71V;0.2132;LBen
K71W;0.7584;LPath
K71Y;0.5734;LPath
H72A;0.9954;LPath
H72C;0.9571;LPath
H72D;0.9915;LPath
H72E;0.9935;LPath
H72F;0.9925;LPath
H72G;0.9933;LPath
H72I;0.9979;LPath
H72K;0.9875;LPath
H72L;0.9817;LPath
H72M;0.9967;LPath
H72N;0.9887;LPath
H72P;0.9399;LPath
H72Q;0.993;LPath
H72R;0.979;LPath
H72S;0.9955;LPath
H72T;0.9979;LPath
H72V;0.9979;LPath
H72W;0.9579;LPath
H72Y;0.9779;LPath
G73A;0.4111;Amb
G73C;0.8141;LPath
G73D;0.9612;LPath
G73E;0.9707;LPath
G73F;0.9836;LPath
G73H;0.9664;LPath
G73I;0.9823;LPath
G73K;0.9673;LPath
G73L;0.9661;LPath
G73M;0.9828;LPath
G73N;0.9612;LPath
G73P;0.9983;LPath
G73Q;0.9438;LPath
G73R;0.8732;LPath
G73S;0.4648;Amb
G73T;0.9038;LPath
G73V;0.9574;LPath
G73W;0.9685;LPath
G73Y;0.977;LPath
G74A;0.1886;LBen
G74C;0.4909;Amb
G74D;0.5684;LPath
G74E;0.7628;LPath
G74F;0.8491;LPath
G74H;0.7173;LPath
G74I;0.8739;LPath
G74K;0.8964;LPath
G74L;0.8209;LPath
G74M;0.8891;LPath
G74N;0.7022;LPath
G74P;0.9482;LPath
G74Q;0.8031;LPath
G74R;0.8012;LPath
G74S;0.1958;LBen
G74T;0.705;LPath
G74V;0.8035;LPath
G74W;0.7481;LPath
G74Y;0.7668;LPath
P75A;0.4039;Amb
P75C;0.8764;LPath
P75D;0.9031;LPath
P75E;0.7099;LPath
P75F;0.8854;LPath
P75G;0.7826;LPath
P75H;0.6556;LPath
P75I;0.5757;LPath
P75K;0.6358;LPath
P75L;0.4209;Amb
P75M;0.7186;LPath
P75N;0.8679;LPath
P75Q;0.4768;Amb
P75R;0.3814;Amb
P75S;0.6394;LPath
P75T;0.4977;Amb
P75V;0.502;Amb
P75W;0.8737;LPath
P75Y;0.8598;LPath
K76A;0.1126;LBen
K76C;0.4879;Amb
K76D;0.1438;LBen
K76E;0.0691;LBen
K76F;0.5099;Amb
K76G;0.1245;LBen
K76H;0.2102;LBen
K76I;0.2218;LBen
K76L;0.1686;LBen
K76M;0.1293;LBen
K76N;0.1406;LBen
K76P;0.5416;Amb
K76Q;0.0957;LBen
K76R;0.0897;LBen
K76S;0.1225;LBen
K76T;0.0707;LBen
K76V;0.162;LBen
K76W;0.5795;LPath
K76Y;0.3974;Amb
D77A;0.3559;Amb
D77C;0.7824;LPath
D77E;0.4952;Amb
D77F;0.8625;LPath
D77G;0.3609;Amb
D77H;0.5925;LPath
D77I;0.8672;LPath
D77K;0.8876;LPath
D77L;0.7914;LPath
D77M;0.8788;LPath
D77N;0.3367;LBen
D77P;0.967;LPath
D77Q;0.7467;LPath
D77R;0.8859;LPath
D77S;0.2386;LBen
D77T;0.636;LPath
D77V;0.6293;LPath
D77W;0.9522;LPath
D77Y;0.5255;Amb
E78A;0.0834;LBen
E78C;0.6592;LPath
E78D;0.094;LBen
E78F;0.5759;LPath
E78G;0.0931;LBen
E78H;0.2918;LBen
E78I;0.204;LBen
E78K;0.0805;LBen
E78L;0.2333;LBen
E78M;0.2726;LBen
E78N;0.1625;LBen
E78P;0.2144;LBen
E78Q;0.1049;LBen
E78R;0.1408;LBen
E78S;0.112;LBen
E78T;0.1117;LBen
E78V;0.1329;LBen
E78W;0.704;LPath
E78Y;0.4418;Amb
E79A;0.1792;LBen
E79C;0.7946;LPath
E79D;0.1346;LBen
E79F;0.6525;LPath
E79G;0.2233;LBen
E79H;0.5051;Amb
E79I;0.1737;LBen
E79K;0.2461;LBen
E79L;0.3194;LBen
E79M;0.3566;Amb
E79N;0.1992;LBen
E79P;0.6917;LPath
E79Q;0.1878;LBen
E79R;0.3797;Amb
E79S;0.2399;LBen
E79T;0.2085;LBen
E79V;0.116;LBen
E79W;0.874;LPath
E79Y;0.5294;Amb
R80A;0.9816;LPath
R80C;0.7945;LPath
R80D;0.9927;LPath
R80E;0.9563;LPath
R80F;0.9879;LPath
R80G;0.9529;LPath
R80H;0.7547;LPath
R80I;0.9628;LPath
R80K;0.764;LPath
R80L;0.9516;LPath
R80M;0.9799;LPath
R80N;0.9872;LPath
R80P;0.9885;LPath
R80Q;0.809;LPath
R80S;0.9878;LPath
R80T;0.9795;LPath
R80V;0.974;LPath
R80W;0.8387;LPath
R80Y;0.9492;LPath
H81A;0.9932;LPath
H81C;0.93;LPath
H81D;0.985;LPath
H81E;0.9888;LPath
H81F;0.974;LPath
H81G;0.9929;LPath
H81I;0.9957;LPath
H81K;0.9868;LPath
H81L;0.9686;LPath
H81M;0.9889;LPath
H81N;0.9766;LPath
H81P;0.9499;LPath
H81Q;0.9845;LPath
H81R;0.9719;LPath
H81S;0.9907;LPath
H81T;0.9972;LPath
H81V;0.9955;LPath
H81W;0.9398;LPath
H81Y;0.9506;LPath
V82A;0.2122;LBen
V82C;0.8398;LPath
V82D;0.8982;LPath
V82E;0.8159;LPath
V82F;0.5032;Amb
V82G;0.5903;LPath
V82H;0.92;LPath
V82I;0.1263;LBen
V82K;0.8423;LPath
V82L;0.5091;Amb
V82M;0.4791;Amb
V82N;0.8663;LPath
V82P;0.8476;LPath
V82Q;0.7877;LPath
V82R;0.7195;LPath
V82S;0.5387;Amb
V82T;0.3956;Amb
V82W;0.9445;LPath
V82Y;0.8532;LPath
G83A;0.9458;LPath
G83C;0.9821;LPath
G83D;0.9892;LPath
G83E;0.9928;LPath
G83F;0.998;LPath
G83H;0.9991;LPath
G83I;0.9967;LPath
G83K;0.9971;LPath
G83L;0.9957;LPath
G83M;0.9981;LPath
G83N;0.9977;LPath
G83P;0.9988;LPath
G83Q;0.9967;LPath
G83R;0.9895;LPath
G83S;0.9545;LPath
G83T;0.9895;LPath
G83V;0.9916;LPath
G83W;0.9889;LPath
G83Y;0.9978;LPath
D84A;0.9852;LPath
D84C;0.9966;LPath
D84E;0.9906;LPath
D84F;0.9969;LPath
D84G;0.9897;LPath
D84H;0.9898;LPath
D84I;0.9968;LPath
D84K;0.9955;LPath
D84L;0.9939;LPath
D84M;0.999;LPath
D84N;0.9569;LPath
D84P;0.9979;LPath
D84Q;0.9959;LPath
D84R;0.9932;LPath
D84S;0.9696;LPath
D84T;0.9963;LPath
D84V;0.9914;LPath
D84W;0.9988;LPath
D84Y;0.97;LPath
L85A;0.9467;LPath
L85C;0.9513;LPath
L85D;0.9966;LPath
L85E;0.9903;LPath
L85F;0.6329;LPath
L85G;0.9813;LPath
L85H;0.9761;LPath
L85I;0.4804;Amb
L85K;0.9778;LPath
L85M;0.375;Amb
L85N;0.9897;LPath
L85P;0.9877;LPath
L85Q;0.9728;LPath
L85R;0.9586;LPath
L85S;0.9862;LPath
L85T;0.9303;LPath
L85V;0.6279;LPath
L85W;0.8995;LPath
L85Y;0.9573;LPath
G86A;0.9482;LPath
G86C;0.9639;LPath
G86D;0.9751;LPath
G86E;0.9831;LPath
G86F;0.9947;LPath
G86H;0.9962;LPath
G86I;0.9946;LPath
G86K;0.9952;LPath
G86L;0.9893;LPath
G86M;0.9965;LPath
G86N;0.9897;LPath
G86P;0.9968;LPath
G86Q;0.9887;LPath
G86R;0.9836;LPath
G86S;0.9176;LPath
G86T;0.9855;LPath
G86V;0.9884;LPath
G86W;0.9823;LPath
G86Y;0.9924;LPath
N87A;0.9705;LPath
N87C;0.9309;LPath
N87D;0.8792;LPath
N87E;0.9862;LPath
N87F;0.986;LPath
N87G;0.9677;LPath
N87H;0.9237;LPath
N87I;0.929;LPath
N87K;0.992;LPath
N87L;0.9406;LPath
N87M;0.9536;LPath
N87P;0.9829;LPath
N87Q;0.987;LPath
N87R;0.9864;LPath
N87S;0.6158;LPath
N87T;0.892;LPath
N87V;0.9433;LPath
N87W;0.9954;LPath
N87Y;0.9156;LPath
V88A;0.8249;LPath
V88C;0.9395;LPath
V88D;0.9832;LPath
V88E;0.9707;LPath
V88F;0.7038;LPath
V88G;0.8715;LPath
V88H;0.9902;LPath
V88I;0.0857;LBen
V88K;0.9743;LPath
V88L;0.4769;Amb
V88M;0.6236;LPath
V88N;0.9748;LPath
V88P;0.9852;LPath
V88Q;0.9712;LPath
V88R;0.9554;LPath
V88S;0.9415;LPath
V88T;0.8758;LPath
V88W;0.9901;LPath
V88Y;0.9639;LPath
T89A;0.0843;LBen
T89C;0.367;Amb
T89D;0.33;LBen
T89E;0.1582;LBen
T89F;0.1722;LBen
T89G;0.3267;LBen
T89H;0.1599;LBen
T89I;0.0988;LBen
T89K;0.0872;LBen
T89L;0.0814;LBen
T89M;0.0827;LBen
T89N;0.1341;LBen
T89P;0.2196;LBen
T89Q;0.1365;LBen
T89R;0.0805;LBen
T89S;0.1283;LBen
T89V;0.0954;LBen
T89W;0.4512;Amb
T89Y;0.1912;LBen
A90C;0.7866;LPath
A90D;0.9785;LPath
A90E;0.9642;LPath
A90F;0.9648;LPath
A90G;0.4571;Amb
A90H;0.9812;LPath
A90I;0.821;LPath
A90K;0.9812;LPath
A90L;0.8817;LPath
A90M;0.899;LPath
A90N;0.9594;LPath
A90P;0.9133;LPath
A90Q;0.9527;LPath
A90R;0.9398;LPath
A90S;0.2442;LBen
A90T;0.3609;Amb
A90V;0.4365;Amb
A90W;0.9944;LPath
A90Y;0.9838;LPath
D91A;0.1494;LBen
D91C;0.4857;Amb
D91E;0.292;LBen
D91F;0.6067;LPath
D91G;0.0611;LBen
D91H;0.2602;LBen
D91I;0.4862;Amb
D91K;0.2844;LBen
D91L;0.3332;LBen
D91M;0.5906;LPath
D91N;0.0741;LBen
D91P;0.7512;LPath
D91Q;0.3118;LBen
D91R;0.2813;LBen
D91S;0.0863;LBen
D91T;0.1862;LBen
D91V;0.2951;LBen
D91W;0.8289;LPath
D91Y;0.2583;LBen
K92A;0.1603;LBen
K92C;0.587;LPath
K92D;0.3247;LBen
K92E;0.1088;LBen
K92F;0.7136;LPath
K92G;0.2174;LBen
K92H;0.3225;LBen
K92I;0.2588;LBen
K92L;0.3238;LBen
K92M;0.1882;LBen
K92N;0.2525;LBen
K92P;0.528;Amb
K92Q;0.133;LBen
K92R;0.0977;LBen
K92S;0.2108;LBen
K92T;0.1074;LBen
K92V;0.2211;LBen
K92W;0.7454;LPath
K92Y;0.6256;LPath
D93A;0.1093;LBen
D93C;0.4091;Amb
D93E;0.1292;LBen
D93F;0.3515;Amb
D93G;0.1036;LBen
D93H;0.1376;LBen
D93I;0.2822;LBen
D93K;0.1911;LBen
D93L;0.2632;LBen
D93M;0.4152;Amb
D93N;0.0668;LBen
D93P;0.8054;LPath
D93Q;0.1696;LBen
D93R;0.1993;LBen
D93S;0.0802;LBen
D93T;0.1398;LBen
D93V;0.1665;LBen
D93W;0.6834;LPath
D93Y;0.1171;LBen
G94A;0.5141;Amb
G94C;0.5515;Amb
G94D;0.7412;LPath
G94E;0.7576;LPath
G94F;0.9231;LPath
G94H;0.7285;LPath
G94I;0.9266;LPath
G94K;0.7145;LPath
G94L;0.8732;LPath
G94M;0.8818;LPath
G94N;0.6969;LPath
G94P;0.9957;LPath
G94Q;0.6727;LPath
G94R;0.5491;Amb
G94S;0.3349;LBen
G94T;0.6889;LPath
G94V;0.8612;LPath
G94W;0.8532;LPath
G94Y;0.8533;LPath
V95A;0.1517;LBen
V95C;0.6166;LPath
V95D;0.2677;LBen
V95E;0.2167;LBen
V95F;0.1334;LBen
V95G;0.2367;LBen
V95H;0.3394;LBen
V95I;0.0722;LBen
V95K;0.1714;LBen
V95L;0.2034;LBen
V95M;0.1299;LBen
V95N;0.1629;LBen
V95P;0.9101;LPath
V95Q;0.2124;LBen
V95R;0.1522;LBen
V95S;0.1838;LBen
V95T;0.1351;LBen
V95W;0.7106;LPath
V95Y;0.4113;Amb
A96C;0.6615;LPath
A96D;0.9742;LPath
A96E;0.9685;LPath
A96F;0.9447;LPath
A96G;0.3865;Amb
A96H;0.9829;LPath
A96I;0.7156;LPath
A96K;0.9871;LPath
A96L;0.75;LPath
A96M;0.8158;LPath
A96N;0.9668;LPath
A96P;0.9877;LPath
A96Q;0.9563;LPath
A96R;0.9634;LPath
A96S;0.2625;LBen
A96T;0.3017;LBen
A96V;0.3362;LBen
A96W;0.9932;LPath
A96Y;0.9802;LPath
D97A;0.0921;LBen
D97C;0.3604;Amb
D97E;0.1055;LBen
D97F;0.3166;LBen
D97G;0.145;LBen
D97H;0.1045;LBen
D97I;0.1486;LBen
D97K;0.1267;LBen
D97L;0.1721;LBen
D97M;0.3171;LBen
D97N;0.0704;LBen
D97P;0.5824;LPath
D97Q;0.1329;LBen
D97R;0.137;LBen
D97S;0.0861;LBen
D97T;0.1104;LBen
D97V;0.0903;LBen
D97W;0.6848;LPath
D97Y;0.1273;LBen
V98A;0.7304;LPath
V98C;0.8903;LPath
V98D;0.9644;LPath
V98E;0.9555;LPath
V98F;0.3273;LBen
V98G;0.7932;LPath
V98H;0.9775;LPath
V98I;0.0795;LBen
V98K;0.9638;LPath
V98L;0.5221;Amb
V98M;0.5027;Amb
V98N;0.951;LPath
V98P;0.9765;LPath
V98Q;0.9567;LPath
V98R;0.9391;LPath
V98S;0.8922;LPath
V98T;0.7985;LPath
V98W;0.9746;LPath
V98Y;0.8821;LPath
S99A;0.0942;LBen
S99C;0.1166;LBen
S99D;0.2018;LBen
S99E;0.2848;LBen
S99F;0.1489;LBen
S99G;0.15;LBen
S99H;0.2072;LBen
S99I;0.1322;LBen
S99K;0.4026;Amb
S99L;0.1026;LBen
S99M;0.1748;LBen
S99N;0.1064;LBen
S99P;0.6811;LPath
S99Q;0.3158;LBen
S99R;0.3176;LBen
S99T;0.0901;LBen
S99V;0.1414;LBen
S99W;0.2424;LBen
S99Y;0.1296;LBen
I100A;0.4438;Amb
I100C;0.8316;LPath
I100D;0.9157;LPath
I100E;0.7736;LPath
I100F;0.157;LBen
I100G;0.8397;LPath
I100H;0.7703;LPath
I100K;0.5764;LPath
I100L;0.1121;LBen
I100M;0.1027;LBen
I100N;0.7479;LPath
I100P;0.9317;LPath
I100Q;0.629;LPath
I100R;0.4699;Amb
I100S;0.5762;LPath
I100T;0.3191;LBen
I100V;0.1023;LBen
I100W;0.7292;LPath
I100Y;0.6757;LPath
E101A;0.1567;LBen
E101C;0.7419;LPath
E101D;0.1996;LBen
E101F;0.6637;LPath
E101G;0.2546;LBen
E101H;0.3893;Amb
E101I;0.2187;LBen
E101K;0.1514;LBen
E101L;0.3113;LBen
E101M;0.3426;Amb
E101N;0.2919;LBen
E101P;0.7814;LPath
E101Q;0.13;LBen
E101R;0.2333;LBen
E101S;0.1753;LBen
E101T;0.1103;LBen
E101V;0.1364;LBen
E101W;0.8138;LPath
E101Y;0.5331;Amb
D102A;0.9479;LPath
D102C;0.9884;LPath
D102E;0.9629;LPath
D102F;0.9904;LPath
D102G;0.9264;LPath
D102H;0.9863;LPath
D102I;0.9847;LPath
D102K;0.9927;LPath
D102L;0.9841;LPath
D102M;0.9963;LPath
D102N;0.9052;LPath
D102P;0.9969;LPath
D102Q;0.9941;LPath
D102R;0.9922;LPath
D102S;0.9189;LPath
D102T;0.9663;LPath
D102V;0.9332;LPath
D102W;0.998;LPath
D102Y;0.926;LPath
S103A;0.0761;LBen
S103C;0.1401;LBen
S103D;0.1595;LBen
S103E;0.2114;LBen
S103F;0.1729;LBen
S103G;0.0821;LBen
S103H;0.1738;LBen
S103I;0.1734;LBen
S103K;0.2553;LBen
S103L;0.1113;LBen
S103M;0.1794;LBen
S103N;0.0945;LBen
S103P;0.101;LBen
S103Q;0.2545;LBen
S103R;0.2208;LBen
S103T;0.0757;LBen
S103V;0.1632;LBen
S103W;0.2275;LBen
S103Y;0.1423;LBen
V104A;0.2126;LBen
V104C;0.6589;LPath
V104D;0.4043;Amb
V104E;0.313;LBen
V104F;0.1538;LBen
V104G;0.2824;LBen
V104H;0.4471;Amb
V104I;0.0846;LBen
V104K;0.3295;LBen
V104L;0.1243;LBen
V104M;0.133;LBen
V104N;0.2968;LBen
V104P;0.8621;LPath
V104Q;0.2373;LBen
V104R;0.2623;LBen
V104S;0.2445;LBen
V104T;0.266;LBen
V104W;0.7423;LPath
V104Y;0.4739;Amb
I105A;0.8254;LPath
I105C;0.9414;LPath
I105D;0.9965;LPath
I105E;0.9927;LPath
I105F;0.6606;LPath
I105G;0.9817;LPath
I105H;0.9925;LPath
I105K;0.9893;LPath
I105L;0.206;LBen
I105M;0.3569;Amb
I105N;0.9712;LPath
I105P;0.9737;LPath
I105Q;0.9858;LPath
I105R;0.9789;LPath
I105S;0.9197;LPath
I105T;0.9134;LPath
I105V;0.2168;LBen
I105W;0.9902;LPath
I105Y;0.9729;LPath
S106A;0.1275;LBen
S106C;0.1423;LBen
S106D;0.6957;LPath
S106E;0.7336;LPath
S106F;0.44;Amb
S106G;0.177;LBen
S106H;0.4836;Amb
S106I;0.4856;Amb
S106K;0.733;LPath
S106L;0.2285;LBen
S106M;0.3632;Amb
S106N;0.3876;Amb
S106P;0.761;LPath
S106Q;0.5396;Amb
S106R;0.5991;LPath
S106T;0.1248;LBen
S106V;0.4093;Amb
S106W;0.5938;LPath
S106Y;0.3562;Amb
L107A;0.9548;LPath
L107C;0.9617;LPath
L107D;0.9979;LPath
L107E;0.9926;LPath
L107F;0.6607;LPath
L107G;0.9878;LPath
L107H;0.9811;LPath
L107I;0.3374;LBen
L107K;0.9827;LPath
L107M;0.5105;Amb
L107N;0.9911;LPath
L107P;0.9679;LPath
L107Q;0.9737;LPath
L107R;0.9593;LPath
L107S;0.9892;LPath
L107T;0.9556;LPath
L107V;0.4364;Amb
L107W;0.9504;LPath
L107Y;0.9672;LPath
S108A;0.1011;LBen
S108C;0.1323;LBen
S108D;0.3231;LBen
S108E;0.3613;Amb
S108F;0.1687;LBen
S108G;0.113;LBen
S108H;0.2598;LBen
S108I;0.1646;LBen
S108K;0.4705;Amb
S108L;0.1262;LBen
S108M;0.2082;LBen
S108N;0.1634;LBen
S108P;0.6578;LPath
S108Q;0.3548;Amb
S108R;0.3703;Amb
S108T;0.0817;LBen
S108V;0.1735;LBen
S108W;0.2369;LBen
S108Y;0.1503;LBen
G109A;0.4403;Amb
G109C;0.585;LPath
G109D;0.4933;Amb
G109E;0.6894;LPath
G109F;0.9228;LPath
G109H;0.7818;LPath
G109I;0.8967;LPath
G109K;0.7639;LPath
G109L;0.8619;LPath
G109M;0.9019;LPath
G109N;0.6126;LPath
G109P;0.9474;LPath
G109Q;0.7292;LPath
G109R;0.6077;LPath
G109S;0.231;LBen
G109T;0.5751;LPath
G109V;0.7884;LPath
G109W;0.8063;LPath
G109Y;0.8629;LPath
D110A;0.1025;LBen
D110C;0.4892;Amb
D110E;0.1058;LBen
D110F;0.4723;Amb
D110G;0.1273;LBen
D110H;0.1669;LBen
D110I;0.2089;LBen
D110K;0.145;LBen
D110L;0.2271;LBen
D110M;0.4652;Amb
D110N;0.0963;LBen
D110P;0.1737;LBen
D110Q;0.1495;LBen
D110R;0.1646;LBen
D110S;0.0894;LBen
D110T;0.1585;LBen
D110V;0.1347;LBen
D110W;0.7549;LPath
D110Y;0.1777;LBen
H111A;0.2952;LBen
H111C;0.1922;LBen
H111D;0.1896;LBen
H111E;0.3371;LBen
H111F;0.243;LBen
H111G;0.2819;LBen
H111I;0.3849;Amb
H111K;0.2518;LBen
H111L;0.1386;LBen
H111M;0.4338;Amb
H111N;0.0715;LBen
H111P;0.4026;Amb
H111Q;0.2125;LBen
H111R;0.1105;LBen
H111S;0.1832;LBen
H111T;0.2379;LBen
H111V;0.3104;LBen
H111W;0.3961;Amb
H111Y;0.0855;LBen
C112A;0.2707;LBen
C112D;0.5452;Amb
C112E;0.8609;LPath
C112F;0.4846;Amb
C112G;0.0861;LBen
C112H;0.5914;LPath
C112I;0.8497;LPath
C112K;0.9285;LPath
C112L;0.6116;LPath
C112M;0.7261;LPath
C112N;0.2111;LBen
C112P;0.9605;LPath
C112Q;0.7327;LPath
C112R;0.7156;LPath
C112S;0.0722;LBen
C112T;0.2604;LBen
C112V;0.6913;LPath
C112W;0.797;LPath
C112Y;0.5441;Amb
I113A;0.935;LPath
I113C;0.9638;LPath
I113D;0.998;LPath
I113E;0.9955;LPath
I113F;0.9093;LPath
I113G;0.9933;LPath
I113H;0.9966;LPath
I113K;0.9941;LPath
I113L;0.5714;LPath
I113M;0.6669;LPath
I113N;0.9832;LPath
I113P;0.9831;LPath
I113Q;0.9932;LPath
I113R;0.9869;LPath
I113S;0.9567;LPath
I113T;0.9547;LPath
I113V;0.1279;LBen
I113W;0.9972;LPath
I113Y;0.9928;LPath
I114A;0.538;Amb
I114C;0.9339;LPath
I114D;0.9885;LPath
I114E;0.9564;LPath
I114F;0.5713;LPath
I114G;0.9504;LPath
I114H;0.9651;LPath
I114K;0.903;LPath
I114L;0.1587;LBen
I114M;0.2527;LBen
I114N;0.9248;LPath
I114P;0.9283;LPath
I114Q;0.9291;LPath
I114R;0.8255;LPath
I114S;0.7623;LPath
I114T;0.2771;LBen
I114V;0.097;LBen
I114W;0.9576;LPath
I114Y;0.9321;LPath
G115A;0.9169;LPath
G115C;0.9569;LPath
G115D;0.9871;LPath
G115E;0.9912;LPath
G115F;0.992;LPath
G115H;0.9955;LPath
G115I;0.9948;LPath
G115K;0.9958;LPath
G115L;0.9905;LPath
G115M;0.9967;LPath
G115N;0.991;LPath
G115P;0.9975;LPath
G115Q;0.9904;LPath
G115R;0.98;LPath
G115S;0.8683;LPath
G115T;0.9806;LPath
G115V;0.9885;LPath
G115W;0.9746;LPath
G115Y;0.9909;LPath
R116A;0.9894;LPath
R116C;0.7709;LPath
R116D;0.9968;LPath
R116E;0.9774;LPath
R116F;0.993;LPath
R116G;0.9767;LPath
R116H;0.7339;LPath
R116I;0.9808;LPath
R116K;0.7343;LPath
R116L;0.9407;LPath
R116M;0.9845;LPath
R116N;0.992;LPath
R116P;0.9964;LPath
R116Q;0.8148;LPath
R116S;0.9941;LPath
R116T;0.9907;LPath
R116V;0.9801;LPath
R116W;0.9138;LPath
R116Y;0.977;LPath
T117A;0.2643;LBen
T117C;0.69;LPath
T117D;0.9648;LPath
T117E;0.9705;LPath
T117F;0.9521;LPath
T117G;0.5677;LPath
T117H;0.9084;LPath
T117I;0.9427;LPath
T117K;0.9575;LPath
T117L;0.7224;LPath
T117M;0.5426;Amb
T117N;0.7419;LPath
T117P;0.9228;LPath
T117Q;0.9147;LPath
T117R;0.9292;LPath
T117S;0.2135;LBen
T117V;0.8125;LPath
T117W;0.9917;LPath
T117Y;0.9378;LPath
L118A;0.596;LPath
L118C;0.7216;LPath
L118D;0.9976;LPath
L118E;0.9845;LPath
L118F;0.5545;Amb
L118G;0.9548;LPath
L118H;0.9773;LPath
L118I;0.1378;LBen
L118K;0.9803;LPath
L118M;0.1363;LBen
L118N;0.9837;LPath
L118P;0.9767;LPath
L118Q;0.931;LPath
L118R;0.9584;LPath
L118S;0.9393;LPath
L118T;0.7881;LPath
L118V;0.0947;LBen
L118W;0.942;LPath
L118Y;0.959;LPath
V119A;0.7732;LPath
V119C;0.9474;LPath
V119D;0.9728;LPath
V119E;0.9609;LPath
V119F;0.9313;LPath
V119G;0.837;LPath
V119H;0.9919;LPath
V119I;0.2782;LBen
V119K;0.9829;LPath
V119L;0.8837;LPath
V119M;0.8754;LPath
V119N;0.9555;LPath
V119P;0.9843;LPath
V119Q;0.9522;LPath
V119R;0.9473;LPath
V119S;0.8191;LPath
V119T;0.8131;LPath
V119W;0.9976;LPath
V119Y;0.9885;LPath
V120A;0.8903;LPath
V120C;0.9635;LPath
V120D;0.9935;LPath
V120E;0.988;LPath
V120F;0.8475;LPath
V120G;0.9124;LPath
V120H;0.9967;LPath
V120I;0.0871;LBen
V120K;0.9918;LPath
V120L;0.4674;Amb
V120M;0.7765;LPath
V120N;0.9886;LPath
V120P;0.9819;LPath
V120Q;0.9885;LPath
V120R;0.983;LPath
V120S;0.9628;LPath
V120T;0.9385;LPath
V120W;0.9954;LPath
V120Y;0.9829;LPath
H121A;0.993;LPath
H121C;0.8995;LPath
H121D;0.9905;LPath
H121E;0.9923;LPath
H121F;0.9815;LPath
H121G;0.9923;LPath
H121I;0.9975;LPath
H121K;0.988;LPath
H121L;0.9739;LPath
H121M;0.9883;LPath
H121N;0.9896;LPath
H121P;0.9732;LPath
H121Q;0.9891;LPath
H121R;0.9796;LPath
H121S;0.9869;LPath
H121T;0.9936;LPath
H121V;0.9964;LPath
H121W;0.9244;LPath
H121Y;0.973;LPath
E122A;0.2303;LBen
E122C;0.9454;LPath
E122D;0.3622;Amb
E122F;0.9566;LPath
E122G;0.2784;LBen
E122H;0.7929;LPath
E122I;0.7813;LPath
E122K;0.4294;Amb
E122L;0.7801;LPath
E122M;0.7673;LPath
E122N;0.6447;LPath
E122P;0.9839;LPath
E122Q;0.2109;LBen
E122R;0.579;LPath
E122S;0.3159;LBen
E122T;0.5336;Amb
E122V;0.5916;LPath
E122W;0.9829;LPath
E122Y;0.9175;LPath
K123A;0.4537;Amb
K123C;0.8294;LPath
K123D;0.5548;Amb
K123E;0.3184;LBen
K123F;0.8302;LPath
K123G;0.349;Amb
K123H;0.4376;Amb
K123I;0.6618;LPath
K123L;0.3573;Amb
K123M;0.2708;LBen
K123N;0.403;Amb
K123P;0.9745;LPath
K123Q;0.2037;LBen
K123R;0.124;LBen
K123S;0.5596;Amb
K123T;0.4141;Amb
K123V;0.6039;LPath
K123W;0.8932;LPath
K123Y;0.6826;LPath
A124C;0.5882;LPath
A124D;0.3284;LBen
A124E;0.0873;LBen
A124F;0.5678;LPath
A124G;0.215;LBen
A124H;0.5689;LPath
A124I;0.2412;LBen
A124K;0.2838;LBen
A124L;0.2451;LBen
A124M;0.2577;LBen
A124N;0.3219;LBen
A124P;0.1174;LBen
A124Q;0.1429;LBen
A124R;0.2764;LBen
A124S;0.129;LBen
A124T;0.1054;LBen
A124V;0.1285;LBen
A124W;0.8504;LPath
A124Y;0.6386;LPath
D125A;0.987;LPath
D125C;0.9977;LPath
D125E;0.9903;LPath
D125F;0.999;LPath
D125G;0.9812;LPath
D125H;0.9951;LPath
D125I;0.9983;LPath
D125K;0.9939;LPath
D125L;0.9962;LPath
D125M;0.9996;LPath
D125N;0.9661;LPath
D125P;0.9964;LPath
D125Q;0.9972;LPath
D125R;0.9912;LPath
D125S;0.9783;LPath
D125T;0.995;LPath
D125V;0.9927;LPath
D125W;0.9995;LPath
D125Y;0.9872;LPath
D126A;0.9872;LPath
D126C;0.9967;LPath
D126E;0.9862;LPath
D126F;0.9964;LPath
D126G;0.9842;LPath
D126H;0.9881;LPath
D126I;0.9923;LPath
D126K;0.9945;LPath
D126L;0.9915;LPath
D126M;0.9987;LPath
D126N;0.8629;LPath
D126P;0.9966;LPath
D126Q;0.9955;LPath
D126R;0.9884;LPath
D126S;0.9621;LPath
D126T;0.9878;LPath
D126V;0.9798;LPath
D126W;0.9993;LPath
D126Y;0.9589;LPath
L127A;0.7825;LPath
L127C;0.7595;LPath
L127D;0.9408;LPath
L127E;0.8308;LPath
L127F;0.3145;LBen
L127G;0.834;LPath
L127H;0.6709;LPath
L127I;0.5603;Amb
L127K;0.7228;LPath
L127M;0.326;LBen
L127N;0.8237;LPath
L127P;0.9704;LPath
L127Q;0.6503;LPath
L127R;0.5888;LPath
L127S;0.8585;LPath
L127T;0.7862;LPath
L127V;0.5678;LPath
L127W;0.5353;Amb
L127Y;0.5113;Amb
G128A;0.9421;LPath
G128C;0.9738;LPath
G128D;0.9884;LPath
G128E;0.9877;LPath
G128F;0.9947;LPath
G128H;0.9966;LPath
G128I;0.9948;LPath
G128K;0.995;LPath
G128L;0.9891;LPath
G128M;0.9973;LPath
G128N;0.9942;LPath
G128P;0.9965;LPath
G128Q;0.9909;LPath
G128R;0.9801;LPath
G128S;0.9426;LPath
G128T;0.9901;LPath
G128V;0.9892;LPath
G128W;0.9847;LPath
G128Y;0.9938;LPath
K129A;0.3913;Amb
K129C;0.6198;LPath
K129D;0.7311;LPath
K129E;0.2136;LBen
K129F;0.7073;LPath
K129G;0.5876;LPath
K129H;0.3161;LBen
K129I;0.2825;LBen
K129L;0.2263;LBen
K129M;0.2069;LBen
K129N;0.4805;Amb
K129P;0.9749;LPath
K129Q;0.1285;LBen
K129R;0.0714;LBen
K129S;0.5284;Amb
K129T;0.2617;LBen
K129V;0.2846;LBen
K129W;0.7054;LPath
K129Y;0.6027;LPath
G130A;0.6137;LPath
G130C;0.8789;LPath
G130D;0.7571;LPath
G130E;0.8237;LPath
G130F;0.9605;LPath
G130H;0.9625;LPath
G130I;0.9315;LPath
G130K;0.9475;LPath
G130L;0.9327;LPath
G130M;0.9546;LPath
G130N;0.8663;LPath
G130P;0.9868;LPath
G130Q;0.9318;LPath
G130R;0.9171;LPath
G130S;0.5476;Amb
G130T;0.7162;LPath
G130V;0.867;LPath
G130W;0.9302;LPath
G130Y;0.9377;LPath
G131A;0.2493;LBen
G131C;0.3629;Amb
G131D;0.1439;LBen
G131E;0.2266;LBen
G131F;0.6673;LPath
G131H;0.4626;Amb
G131I;0.4623;Amb
G131K;0.4351;Amb
G131L;0.556;Amb
G131M;0.6072;LPath
G131N;0.2267;LBen
G131P;0.841;LPath
G131Q;0.3485;Amb
G131R;0.3376;LBen
G131S;0.1303;LBen
G131T;0.2756;LBen
G131V;0.3584;Amb
G131W;0.5142;Amb
G131Y;0.5259;Amb
N132A;0.4786;Amb
N132C;0.5016;Amb
N132D;0.0843;LBen
N132E;0.5785;LPath
N132F;0.7602;LPath
N132G;0.4404;Amb
N132H;0.1889;LBen
N132I;0.529;Amb
N132K;0.6129;LPath
N132L;0.5242;Amb
N132M;0.5589;Amb
N132P;0.8559;LPath
N132Q;0.5922;LPath
N132R;0.652;LPath
N132S;0.1127;LBen
N132T;0.1843;LBen
N132V;0.5135;Amb
N132W;0.8951;LPath
N132Y;0.4308;Amb
E133A;0.111;LBen
E133C;0.8271;LPath
E133D;0.1011;LBen
E133F;0.7566;LPath
E133G;0.1753;LBen
E133H;0.4766;Amb
E133I;0.2887;LBen
E133K;0.1558;LBen
E133L;0.3279;LBen
E133M;0.4048;Amb
E133N;0.2634;LBen
E133P;0.3145;LBen
E133Q;0.1657;LBen
E133R;0.277;LBen
E133S;0.1809;LBen
E133T;0.1857;LBen
E133V;0.1797;LBen
E133W;0.8641;LPath
E133Y;0.6149;LPath
E134A;0.2737;LBen
E134C;0.956;LPath
E134D;0.2105;LBen
E134F;0.8961;LPath
E134G;0.2732;LBen
E134H;0.8547;LPath
E134I;0.6394;LPath
E134K;0.5656;LPath
E134L;0.5488;Amb
E134M;0.6694;LPath
E134N;0.5121;Amb
E134P;0.8725;LPath
E134Q;0.4145;Amb
E134R;0.7229;LPath
E134S;0.4741;Amb
E134T;0.4553;Amb
E134V;0.4467;Amb
E134W;0.9735;LPath
E134Y;0.8276;LPath
S135A;0.6869;LPath
S135C;0.9103;LPath
S135D;0.9635;LPath
S135E;0.961;LPath
S135F;0.9847;LPath
S135G;0.7544;LPath
S135H;0.9724;LPath
S135I;0.9662;LPath
S135K;0.993;LPath
S135L;0.9524;LPath
S135M;0.9535;LPath
S135N;0.9466;LPath
S135P;0.9855;LPath
S135Q;0.9797;LPath
S135R;0.9911;LPath
S135T;0.6791;LPath
S135V;0.9632;LPath
S135W;0.9598;LPath
S135Y;0.9544;LPath
T136A;0.0716;LBen
T136C;0.3595;Amb
T136D;0.322;LBen
T136E;0.1415;LBen
T136F;0.2442;LBen
T136G;0.159;LBen
T136H;0.214;LBen
T136I;0.1457;LBen
T136K;0.0986;LBen
T136L;0.0529;LBen
T136M;0.0857;LBen
T136N;0.1339;LBen
T136P;0.184;LBen
T136Q;0.1239;LBen
T136R;0.0975;LBen
T136S;0.1069;LBen
T136V;0.1235;LBen
T136W;0.4719;Amb
T136Y;0.2685;LBen
K137A;0.3348;LBen
K137C;0.7954;LPath
K137D;0.8052;LPath
K137E;0.2781;LBen
K137F;0.863;LPath
K137G;0.6381;LPath
K137H;0.523;Amb
K137I;0.2422;LBen
K137L;0.3403;Amb
K137M;0.2384;LBen
K137N;0.6372;LPath
K137P;0.9609;LPath
K137Q;0.1676;LBen
K137R;0.0995;LBen
K137S;0.4718;Amb
K137T;0.148;LBen
K137V;0.2111;LBen
K137W;0.8906;LPath
K137Y;0.7971;LPath
T138A;0.8202;LPath
T138C;0.9655;LPath
T138D;0.8282;LPath
T138E;0.9243;LPath
T138F;0.9141;LPath
T138G;0.8494;LPath
T138H;0.7904;LPath
T138I;0.9477;LPath
T138K;0.8987;LPath
T138L;0.822;LPath
T138M;0.7274;LPath
T138N;0.5958;LPath
T138P;0.8905;LPath
T138Q;0.8968;LPath
T138R;0.8659;LPath
T138S;0.6162;LPath
T138V;0.9046;LPath
T138W;0.9365;LPath
T138Y;0.8579;LPath
G139A;0.977;LPath
G139C;0.9939;LPath
G139D;0.9946;LPath
G139E;0.9956;LPath
G139F;0.9989;LPath
G139H;0.9994;LPath
G139I;0.9982;LPath
G139K;0.9975;LPath
G139L;0.998;LPath
G139M;0.9994;LPath
G139N;0.9983;LPath
G139P;0.9981;LPath
G139Q;0.9974;LPath
G139R;0.9883;LPath
G139S;0.9717;LPath
G139T;0.996;LPath
G139V;0.9955;LPath
G139W;0.9951;LPath
G139Y;0.999;LPath
N140A;0.7888;LPath
N140C;0.7473;LPath
N140D;0.5366;Amb
N140E;0.9249;LPath
N140F;0.8962;LPath
N140G;0.8372;LPath
N140H;0.433;Amb
N140I;0.9022;LPath
N140K;0.9266;LPath
N140L;0.83;LPath
N140M;0.8686;LPath
N140P;0.9885;LPath
N140Q;0.8914;LPath
N140R;0.8686;LPath
N140S;0.3105;LBen
N140T;0.8014;LPath
N140V;0.8972;LPath
N140W;0.961;LPath
N140Y;0.5668;LPath
A141C;0.93;LPath
A141D;0.9839;LPath
A141E;0.9775;LPath
A141F;0.9853;LPath
A141G;0.764;LPath
A141H;0.9822;LPath
A141I;0.9837;LPath
A141K;0.9932;LPath
A141L;0.9465;LPath
A141M;0.9766;LPath
A141N;0.981;LPath
A141P;0.9814;LPath
A141Q;0.9647;LPath
A141R;0.9653;LPath
A141S;0.2358;LBen
A141T;0.8606;LPath
A141V;0.9401;LPath
A141W;0.9945;LPath
A141Y;0.9903;LPath
G142A;0.9187;LPath
G142C;0.9703;LPath
G142D;0.9729;LPath
G142E;0.9842;LPath
G142F;0.9896;LPath
G142H;0.9948;LPath
G142I;0.9903;LPath
G142K;0.9907;LPath
G142L;0.9889;LPath
G142M;0.9964;LPath
G142N;0.9889;LPath
G142P;0.9958;LPath
G142Q;0.989;LPath
G142R;0.9714;LPath
G142S;0.8858;LPath
G142T;0.979;LPath
G142V;0.9741;LPath
G142W;0.9822;LPath
G142Y;0.9903;LPath
S143A;0.0839;LBen
S143C;0.2542;LBen
S143D;0.4271;Amb
S143E;0.4699;Amb
S143F;0.4714;Amb
S143G;0.0633;LBen
S143H;0.4568;Amb
S143I;0.3403;Amb
S143K;0.4807;Amb
S143L;0.2066;LBen
S143M;0.3554;Amb
S143N;0.1846;LBen
S143P;0.1272;LBen
S143Q;0.4295;Amb
S143R;0.4822;Amb
S143T;0.1535;LBen
S143V;0.3206;LBen
S143W;0.5951;LPath
S143Y;0.4221;Amb
R144A;0.956;LPath
R144C;0.8129;LPath
R144D;0.9888;LPath
R144E;0.9613;LPath
R144F;0.9793;LPath
R144G;0.9396;LPath
R144H;0.8696;LPath
R144I;0.9396;LPath
R144K;0.8446;LPath
R144L;0.932;LPath
R144M;0.9853;LPath
R144N;0.9888;LPath
R144P;0.9442;LPath
R144Q;0.8343;LPath
R144S;0.9755;LPath
R144T;0.9782;LPath
R144V;0.9447;LPath
R144W;0.92;LPath
R144Y;0.9637;LPath
L145A;0.4785;Amb
L145C;0.7974;LPath
L145D;0.9639;LPath
L145E;0.7844;LPath
L145F;0.5241;Amb
L145G;0.8796;LPath
L145H;0.6796;LPath
L145I;0.1241;LBen
L145K;0.5243;Amb
L145M;0.2724;LBen
L145N;0.8551;LPath
L145P;0.9142;LPath
L145Q;0.4578;Amb
L145R;0.4291;Amb
L145S;0.731;LPath
L145T;0.5914;LPath
L145V;0.1194;LBen
L145W;0.6186;LPath
L145Y;0.7312;LPath
A146C;0.8354;LPath
A146D;0.9733;LPath
A146E;0.9842;LPath
A146F;0.9445;LPath
A146G;0.2397;LBen
A146H;0.982;LPath
A146I;0.9481;LPath
A146K;0.9924;LPath
A146L;0.8065;LPath
A146M;0.9585;LPath
A146N;0.9671;LPath
A146P;0.9742;LPath
A146Q;0.9657;LPath
A146R;0.9626;LPath
A146S;0.3345;LBen
A146T;0.7942;LPath
A146V;0.8379;LPath
A146W;0.9917;LPath
A146Y;0.97;LPath
C147A;0.971;LPath
C147D;0.9962;LPath
C147E;0.9982;LPath
C147F;0.9507;LPath
C147G;0.9141;LPath
C147H;0.9936;LPath
C147I;0.9911;LPath
C147K;0.9983;LPath
C147L;0.9807;LPath
C147M;0.9914;LPath
C147N;0.995;LPath
C147P;0.9971;LPath
C147Q;0.9969;LPath
C147R;0.9832;LPath
C147S;0.9759;LPath
C147T;0.9904;LPath
C147V;0.9752;LPath
C147W;0.9709;LPath
C147Y;0.9815;LPath
G148A;0.4872;Amb
G148C;0.7862;LPath
G148D;0.9842;LPath
G148E;0.9904;LPath
G148F;0.9905;LPath
G148H;0.996;LPath
G148I;0.9851;LPath
G148K;0.9961;LPath
G148L;0.9849;LPath
G148M;0.9923;LPath
G148N;0.9929;LPath
G148P;0.9984;LPath
G148Q;0.9895;LPath
G148R;0.9759;LPath
G148S;0.777;LPath
G148T;0.9584;LPath
G148V;0.9528;LPath
G148W;0.9888;LPath
G148Y;0.9908;LPath
V149A;0.8362;LPath
V149C;0.9545;LPath
V149D;0.9318;LPath
V149E;0.9029;LPath
V149F;0.7692;LPath
V149G;0.7344;LPath
V149H;0.9808;LPath
V149I;0.1276;LBen
V149K;0.9356;LPath
V149L;0.7749;LPath
V149M;0.777;LPath
V149N;0.8901;LPath
V149P;0.945;LPath
V149Q;0.9221;LPath
V149R;0.8764;LPath
V149S;0.8505;LPath
V149T;0.7565;LPath
V149W;0.9849;LPath
V149Y;0.9475;LPath
I150A;0.8797;LPath
I150C;0.9891;LPath
I150D;0.9978;LPath
I150E;0.9915;LPath
I150F;0.9194;LPath
I150G;0.9893;LPath
I150H;0.9978;LPath
I150K;0.9896;LPath
I150L;0.7344;LPath
I150M;0.7485;LPath
I150N;0.9888;LPath
I150P;0.9784;LPath
I150Q;0.9928;LPath
I150R;0.9788;LPath
I150S;0.9569;LPath
I150T;0.8311;LPath
I150V;0.1939;LBen
I150W;0.9962;LPath
I150Y;0.9925;LPath
G151A;0.6043;LPath
G151C;0.9091;LPath
G151D;0.9812;LPath
G151E;0.9814;LPath
G151F;0.9841;LPath
G151H;0.9952;LPath
G151I;0.9632;LPath
G151K;0.9923;LPath
G151L;0.9732;LPath
G151M;0.9887;LPath
G151N;0.9889;LPath
G151P;0.9966;LPath
G151Q;0.9851;LPath
G151R;0.9699;LPath
G151S;0.7702;LPath
G151T;0.9159;LPath
G151V;0.9203;LPath
G151W;0.9835;LPath
G151Y;0.9856;LPath
I152A;0.6388;LPath
I152C;0.8789;LPath
I152D;0.9437;LPath
I152E;0.8342;LPath
I152F;0.1777;LBen
I152G;0.9014;LPath
I152H;0.7826;LPath
I152K;0.617;LPath
I152L;0.1528;LBen
I152M;0.1811;LBen
I152N;0.7315;LPath
I152P;0.9453;LPath
I152Q;0.7214;LPath
I152R;0.4804;Amb
I152S;0.7139;LPath
I152T;0.5124;Amb
I152V;0.1296;LBen
I152W;0.7455;LPath
I152Y;0.556;Amb
A153C;0.5067;Amb
A153D;0.8721;LPath
A153E;0.7512;LPath
A153F;0.6724;LPath
A153G;0.2501;LBen
A153H;0.8106;LPath
A153I;0.6352;LPath
A153K;0.8374;LPath
A153L;0.5571;Amb
A153M;0.6144;LPath
A153N;0.7156;LPath
A153P;0.9149;LPath
A153Q;0.5567;Amb
A153R;0.6621;LPath
A153S;0.1114;LBen
A153T;0.1661;LBen
A153V;0.3682;Amb
A153W;0.9221;LPath
A153Y;0.7743;LPath
Q154A;0.3264;LBen
Q154C;0.8083;LPath
Q154D;0.4204;Amb
Q154E;0.0726;LBen
Q154F;0.8478;LPath
Q154G;0.4191;Amb
Q154H;0.367;Amb
Q154I;0.7214;LPath
Q154K;0.1406;LBen
Q154L;0.3093;LBen
Q154M;0.5316;Amb
Q154N;0.3526;Amb
Q154P;0.3084;LBen
Q154R;0.1443;LBen
Q154S;0.2336;LBen
Q154T;0.3668;Amb
Q154V;0.449;Amb
Q154W;0.7983;LPath
Q154Y;0.627;LPath
