"","ID","eve_score"
"1","A-1-A",NA
"2","A-1-C",NA
"3","A-1-D",NA
"4","A-1-E",NA
"5","A-1-F",NA
"6","A-1-G",NA
"7","A-1-H",NA
"8","A-1-I",NA
"9","A-1-K",NA
"10","A-1-L",NA
"11","A-1-M",NA
"12","A-1-N",NA
"13","A-1-P",NA
"14","A-1-Q",NA
"15","A-1-R",NA
"16","A-1-S",NA
"17","A-1-T",NA
"18","A-1-V",NA
"19","A-1-W",NA
"20","A-1-Y",NA
"21","T-2-A",NA
"22","T-2-C",NA
"23","T-2-D",NA
"24","T-2-E",NA
"25","T-2-F",NA
"26","T-2-G",NA
"27","T-2-H",NA
"28","T-2-I",NA
"29","T-2-K",NA
"30","T-2-L",NA
"31","T-2-M",NA
"32","T-2-N",NA
"33","T-2-P",NA
"34","T-2-Q",NA
"35","T-2-R",NA
"36","T-2-S",NA
"37","T-2-T",NA
"38","T-2-V",NA
"39","T-2-W",NA
"40","T-2-Y",NA
"41","K-3-A",0.283067527
"42","K-3-C",0.496361824
"43","K-3-D",0.295867209
"44","K-3-E",0.245425958
"45","K-3-F",0.588825674
"46","K-3-G",0.686645705
"47","K-3-H",0.278509961
"48","K-3-I",0.67046526
"49","K-3-K",NA
"50","K-3-L",0.708439956
"51","K-3-M",0.492325598
"52","K-3-N",0.224678014
"53","K-3-P",0.707235578
"54","K-3-Q",0.219260723
"55","K-3-R",0.16327978
"56","K-3-S",0.236875531
"57","K-3-T",0.217737598
"58","K-3-V",0.358001783
"59","K-3-W",0.697549232
"60","K-3-Y",0.29588048
"61","A-4-A",NA
"62","A-4-C",0.809773376
"63","A-4-D",0.870403563
"64","A-4-E",0.873916725
"65","A-4-F",0.874761224
"66","A-4-G",0.260608274
"67","A-4-H",0.872624828
"68","A-4-I",0.875526617
"69","A-4-K",0.87421443
"70","A-4-L",0.737782652
"71","A-4-M",0.873862808
"72","A-4-N",0.872330109
"73","A-4-P",0.868182303
"74","A-4-Q",0.874676515
"75","A-4-R",0.872501885
"76","A-4-S",0.397450069
"77","A-4-T",0.687536406
"78","A-4-V",0.484531655
"79","A-4-W",0.872900526
"80","A-4-Y",0.874491949
"81","V-5-A",0.430522658
"82","V-5-C",0.712062986
"83","V-5-D",0.808481601
"84","V-5-E",0.460305518
"85","V-5-F",0.629533963
"86","V-5-G",0.774740496
"87","V-5-H",0.800012249
"88","V-5-I",0.145954162
"89","V-5-K",0.299845107
"90","V-5-L",0.29036039
"91","V-5-M",0.438573111
"92","V-5-N",0.618134109
"93","V-5-P",0.79982613
"94","V-5-Q",0.587888171
"95","V-5-R",0.439859157
"96","V-5-S",0.343405866
"97","V-5-T",0.280327444
"98","V-5-V",NA
"99","V-5-W",0.794489428
"100","V-5-Y",0.715398442
"101","C-6-A",0.104848246
"102","C-6-C",NA
"103","C-6-D",0.462819649
"104","C-6-E",0.76944672
"105","C-6-F",0.649470692
"106","C-6-G",0.702394606
"107","C-6-H",0.766489843
"108","C-6-I",0.642006137
"109","C-6-K",0.499127661
"110","C-6-L",0.48116397
"111","C-6-M",0.771921349
"112","C-6-N",0.644699342
"113","C-6-P",0.761977493
"114","C-6-Q",0.765439894
"115","C-6-R",0.761013617
"116","C-6-S",0.218152176
"117","C-6-T",0.307002965
"118","C-6-V",0.165547301
"119","C-6-W",0.764745327
"120","C-6-Y",0.770291775
"121","V-7-A",0.367596716
"122","V-7-C",0.288720208
"123","V-7-D",0.401235095
"124","V-7-E",0.347207243
"125","V-7-F",0.303382552
"126","V-7-G",0.745959606
"127","V-7-H",0.313127473
"128","V-7-I",0.172033127
"129","V-7-K",0.306371001
"130","V-7-L",0.212940266
"131","V-7-M",0.267810752
"132","V-7-N",0.366389129
"133","V-7-P",0.757075278
"134","V-7-Q",0.39515758
"135","V-7-R",0.33052369
"136","V-7-S",0.532308556
"137","V-7-T",0.248333232
"138","V-7-V",NA
"139","V-7-W",0.756886805
"140","V-7-Y",0.272739337
"141","L-8-A",0.448409082
"142","L-8-C",0.819745941
"143","L-8-D",0.818770203
"144","L-8-E",0.820686743
"145","L-8-F",0.25520764
"146","L-8-G",0.740952303
"147","L-8-H",0.741625019
"148","L-8-I",0.174987295
"149","L-8-K",0.803817506
"150","L-8-L",NA
"151","L-8-M",0.190759809
"152","L-8-N",0.81075588
"153","L-8-P",0.661880564
"154","L-8-Q",0.824063581
"155","L-8-R",0.81490425
"156","L-8-S",0.495828058
"157","L-8-T",0.720874965
"158","L-8-V",0.210163991
"159","L-8-W",0.817651782
"160","L-8-Y",0.821493612
"161","K-9-A",0.15211257
"162","K-9-C",0.30072907
"163","K-9-D",0.215202007
"164","K-9-E",0.192130832
"165","K-9-F",0.250179765
"166","K-9-G",0.197786897
"167","K-9-H",0.214318479
"168","K-9-I",0.185857696
"169","K-9-K",NA
"170","K-9-L",0.199566468
"171","K-9-M",0.256173479
"172","K-9-N",0.129011371
"173","K-9-P",0.263044962
"174","K-9-Q",0.142551793
"175","K-9-R",0.10450798
"176","K-9-S",0.130387748
"177","K-9-T",0.131408493
"178","K-9-V",0.135497224
"179","K-9-W",0.428663194
"180","K-9-Y",0.235566318
"181","G-10-A",0.253263735
"182","G-10-C",0.751797931
"183","G-10-D",0.280302102
"184","G-10-E",0.331495862
"185","G-10-F",0.61551796
"186","G-10-G",NA
"187","G-10-H",0.468220314
"188","G-10-I",0.677771358
"189","G-10-K",0.299419408
"190","G-10-L",0.487915778
"191","G-10-M",0.680130538
"192","G-10-N",0.247965769
"193","G-10-P",0.286390618
"194","G-10-Q",0.321831298
"195","G-10-R",0.483097629
"196","G-10-S",0.177631275
"197","G-10-T",0.305507665
"198","G-10-V",0.36318764
"199","G-10-W",0.784371189
"200","G-10-Y",0.76528984
"201","D-11-A",0.183545893
"202","D-11-C",0.543375835
"203","D-11-D",NA
"204","D-11-E",0.106182231
"205","D-11-F",0.437578093
"206","D-11-G",0.163323249
"207","D-11-H",0.273087099
"208","D-11-I",0.33219199
"209","D-11-K",0.171777086
"210","D-11-L",0.307175918
"211","D-11-M",0.3203056
"212","D-11-N",0.156886829
"213","D-11-P",0.201946517
"214","D-11-Q",0.191403725
"215","D-11-R",0.303704931
"216","D-11-S",0.124592424
"217","D-11-T",0.137864381
"218","D-11-V",0.26336626
"219","D-11-W",0.546028619
"220","D-11-Y",0.393708272
"221","G-12-A",0.100517638
"222","G-12-C",0.359986081
"223","G-12-D",0.13347404
"224","G-12-E",0.101800437
"225","G-12-F",0.251838769
"226","G-12-G",NA
"227","G-12-H",0.179872982
"228","G-12-I",0.293343049
"229","G-12-K",0.13949846
"230","G-12-L",0.262981072
"231","G-12-M",0.279061832
"232","G-12-N",0.107945823
"233","G-12-P",0.136663843
"234","G-12-Q",0.136407368
"235","G-12-R",0.174380397
"236","G-12-S",0.069176587
"237","G-12-T",0.11907411
"238","G-12-V",0.170129636
"239","G-12-W",0.311446039
"240","G-12-Y",0.210276417
"241","P-13-A",0.092512112
"242","P-13-C",0.301085269
"243","P-13-D",0.088896852
"244","P-13-E",0.085030432
"245","P-13-F",0.216871368
"246","P-13-G",0.069709689
"247","P-13-H",0.179881951
"248","P-13-I",0.166167001
"249","P-13-K",0.076062946
"250","P-13-L",0.178553509
"251","P-13-M",0.252661177
"252","P-13-N",0.075181221
"253","P-13-P",NA
"254","P-13-Q",0.122408189
"255","P-13-R",0.169972382
"256","P-13-S",0.094293553
"257","P-13-T",0.083171182
"258","P-13-V",0.113236256
"259","P-13-W",0.296375542
"260","P-13-Y",0.215729028
"261","V-14-A",0.215249612
"262","V-14-C",0.544810467
"263","V-14-D",0.690170525
"264","V-14-E",0.819741246
"265","V-14-F",0.836214298
"266","V-14-G",0.691384332
"267","V-14-H",0.839485615
"268","V-14-I",0.205398021
"269","V-14-K",0.662684161
"270","V-14-L",0.287440683
"271","V-14-M",0.692409159
"272","V-14-N",0.739020329
"273","V-14-P",0.352864206
"274","V-14-Q",0.639620964
"275","V-14-R",0.564326174
"276","V-14-S",0.384588434
"277","V-14-T",0.267088902
"278","V-14-V",NA
"279","V-14-W",0.817951865
"280","V-14-Y",0.746062949
"281","Q-15-A",0.110855651
"282","Q-15-C",0.187396413
"283","Q-15-D",0.125379907
"284","Q-15-E",0.095385716
"285","Q-15-F",0.142716139
"286","Q-15-G",0.125356271
"287","Q-15-H",0.100117133
"288","Q-15-I",0.119639396
"289","Q-15-K",0.057587139
"290","Q-15-L",0.156849479
"291","Q-15-M",0.153810364
"292","Q-15-N",0.078120825
"293","Q-15-P",0.208083376
"294","Q-15-Q",NA
"295","Q-15-R",0.103783248
"296","Q-15-S",0.061463852
"297","Q-15-T",0.062746569
"298","Q-15-V",0.133758027
"299","Q-15-W",0.220267591
"300","Q-15-Y",0.129675615
"301","G-16-A",0.57394957
"302","G-16-C",0.890284302
"303","G-16-D",0.912850225
"304","G-16-E",0.90378725
"305","G-16-F",0.906981613
"306","G-16-G",NA
"307","G-16-H",0.903031504
"308","G-16-I",0.900930174
"309","G-16-K",0.911870766
"310","G-16-L",0.830803894
"311","G-16-M",0.57607106
"312","G-16-N",0.842569677
"313","G-16-P",0.89023883
"314","G-16-Q",0.875947567
"315","G-16-R",0.901239203
"316","G-16-S",0.705546484
"317","G-16-T",0.898389044
"318","G-16-V",0.894476211
"319","G-16-W",0.900306046
"320","G-16-Y",0.906398638
"321","I-17-A",0.13178652
"322","I-17-C",0.249265217
"323","I-17-D",0.164145332
"324","I-17-E",0.133967769
"325","I-17-F",0.192550278
"326","I-17-G",0.275411169
"327","I-17-H",0.172358606
"328","I-17-I",NA
"329","I-17-K",0.126001474
"330","I-17-L",0.122615951
"331","I-17-M",0.170460428
"332","I-17-N",0.108511386
"333","I-17-P",0.278587461
"334","I-17-Q",0.140249897
"335","I-17-R",0.160404075
"336","I-17-S",0.107189403
"337","I-17-T",0.050671798
"338","I-17-V",0.060866379
"339","I-17-W",0.193874733
"340","I-17-Y",0.168198078
"341","I-18-A",0.25562174
"342","I-18-C",0.669534481
"343","I-18-D",0.726305766
"344","I-18-E",0.752102522
"345","I-18-F",0.330314694
"346","I-18-G",0.747072035
"347","I-18-H",0.734486812
"348","I-18-I",NA
"349","I-18-K",0.739447813
"350","I-18-L",0.132498742
"351","I-18-M",0.721437716
"352","I-18-N",0.578237378
"353","I-18-P",0.742468512
"354","I-18-Q",0.74179471
"355","I-18-R",0.753170193
"356","I-18-S",0.748867553
"357","I-18-T",0.378326452
"358","I-18-V",0.078404107
"359","I-18-W",0.741854989
"360","I-18-Y",0.75398035
"361","N-19-A",0.168026758
"362","N-19-C",0.194107161
"363","N-19-D",0.132391135
"364","N-19-E",0.120544032
"365","N-19-F",0.082281369
"366","N-19-G",0.219961825
"367","N-19-H",0.066884406
"368","N-19-I",0.114288714
"369","N-19-K",0.080522243
"370","N-19-L",0.129953399
"371","N-19-M",0.161700918
"372","N-19-N",NA
"373","N-19-P",0.288974464
"374","N-19-Q",0.122594626
"375","N-19-R",0.090383491
"376","N-19-S",0.108462115
"377","N-19-T",0.063534982
"378","N-19-V",0.118020138
"379","N-19-W",0.114299457
"380","N-19-Y",0.078813671
"381","F-20-A",0.788917375
"382","F-20-C",0.858485108
"383","F-20-D",0.852832412
"384","F-20-E",0.859616689
"385","F-20-F",NA
"386","F-20-G",0.807542205
"387","F-20-H",0.855348728
"388","F-20-I",0.241766309
"389","F-20-K",0.853462974
"390","F-20-L",0.170258956
"391","F-20-M",0.312487705
"392","F-20-N",0.856009959
"393","F-20-P",0.724436021
"394","F-20-Q",0.839161843
"395","F-20-R",0.860085578
"396","F-20-S",0.75407955
"397","F-20-T",0.859963011
"398","F-20-V",0.465246526
"399","F-20-W",0.813925682
"400","F-20-Y",0.856699038
"401","E-21-A",0.193353312
"402","E-21-C",0.345651956
"403","E-21-D",0.172557366
"404","E-21-E",NA
"405","E-21-F",0.204581037
"406","E-21-G",0.350629325
"407","E-21-H",0.213425982
"408","E-21-I",0.149228428
"409","E-21-K",0.138771095
"410","E-21-L",0.177997888
"411","E-21-M",0.243412345
"412","E-21-N",0.180001169
"413","E-21-P",0.450251212
"414","E-21-Q",0.153035523
"415","E-21-R",0.18212259
"416","E-21-S",0.106140198
"417","E-21-T",0.085580927
"418","E-21-V",0.130375453
"419","E-21-W",0.31192339
"420","E-21-Y",0.183274788
"421","Q-22-A",0.408143055
"422","Q-22-C",0.83454451
"423","Q-22-D",0.360646813
"424","Q-22-E",0.217905756
"425","Q-22-F",0.779355681
"426","Q-22-G",0.592783407
"427","Q-22-H",0.546318324
"428","Q-22-I",0.777180785
"429","Q-22-K",0.311477985
"430","Q-22-L",0.751740575
"431","Q-22-M",0.633168005
"432","Q-22-N",0.536313462
"433","Q-22-P",0.520792296
"434","Q-22-Q",NA
"435","Q-22-R",0.351370404
"436","Q-22-S",0.349321963
"437","Q-22-T",0.466230979
"438","Q-22-V",0.755435631
"439","Q-22-W",0.616715481
"440","Q-22-Y",0.681034373
"441","K-23-A",0.083752799
"442","K-23-C",0.204783964
"443","K-23-D",0.0757469
"444","K-23-E",0.059262569
"445","K-23-F",0.183035258
"446","K-23-G",0.132628563
"447","K-23-H",0.171802919
"448","K-23-I",0.1368652
"449","K-23-K",NA
"450","K-23-L",0.122769784
"451","K-23-M",0.188326469
"452","K-23-N",0.094169326
"453","K-23-P",0.123782165
"454","K-23-Q",0.083279885
"455","K-23-R",0.128633877
"456","K-23-S",0.090876143
"457","K-23-T",0.092077659
"458","K-23-V",0.114473946
"459","K-23-W",0.307746593
"460","K-23-Y",0.169926081
"461","E-24-A",NA
"462","E-24-C",NA
"463","E-24-D",NA
"464","E-24-E",NA
"465","E-24-F",NA
"466","E-24-G",NA
"467","E-24-H",NA
"468","E-24-I",NA
"469","E-24-K",NA
"470","E-24-L",NA
"471","E-24-M",NA
"472","E-24-N",NA
"473","E-24-P",NA
"474","E-24-Q",NA
"475","E-24-R",NA
"476","E-24-S",NA
"477","E-24-T",NA
"478","E-24-V",NA
"479","E-24-W",NA
"480","E-24-Y",NA
"481","S-25-A",0.074957982
"482","S-25-C",0.152126863
"483","S-25-D",0.07957353
"484","S-25-E",0.060392841
"485","S-25-F",0.17748051
"486","S-25-G",0.072207818
"487","S-25-H",0.188875158
"488","S-25-I",0.154099515
"489","S-25-K",0.110706129
"490","S-25-L",0.132611247
"491","S-25-M",0.205570052
"492","S-25-N",0.115810369
"493","S-25-P",0.074026711
"494","S-25-Q",0.13872884
"495","S-25-R",0.129758418
"496","S-25-S",NA
"497","S-25-T",0.130531593
"498","S-25-V",0.127528418
"499","S-25-W",0.254431483
"500","S-25-Y",0.175039829
"501","N-26-A",0.150669919
"502","N-26-C",0.222699533
"503","N-26-D",0.08100003
"504","N-26-E",0.135710658
"505","N-26-F",0.22828727
"506","N-26-G",0.078684733
"507","N-26-H",0.195002129
"508","N-26-I",0.237633176
"509","N-26-K",0.133056423
"510","N-26-L",0.211457557
"511","N-26-M",0.304863285
"512","N-26-N",NA
"513","N-26-P",0.206175957
"514","N-26-Q",0.167123326
"515","N-26-R",0.199607065
"516","N-26-S",0.093823784
"517","N-26-T",0.120452378
"518","N-26-V",0.208203604
"519","N-26-W",0.278045335
"520","N-26-Y",0.19019302
"521","G-27-A",0.11136257
"522","G-27-C",0.218528236
"523","G-27-D",0.1189104
"524","G-27-E",0.13134178
"525","G-27-F",0.308150692
"526","G-27-G",NA
"527","G-27-H",0.203691232
"528","G-27-I",0.382281857
"529","G-27-K",0.147049907
"530","G-27-L",0.25627342
"531","G-27-M",0.303842912
"532","G-27-N",0.155340872
"533","G-27-P",0.3308041
"534","G-27-Q",0.174129946
"535","G-27-R",0.251131803
"536","G-27-S",0.106857169
"537","G-27-T",0.180286025
"538","G-27-V",0.304117137
"539","G-27-W",0.354302484
"540","G-27-Y",0.486442418
"541","P-28-A",0.171908757
"542","P-28-C",0.293367516
"543","P-28-D",0.249597503
"544","P-28-E",0.184217316
"545","P-28-F",0.293203923
"546","P-28-G",0.21304649
"547","P-28-H",0.269522348
"548","P-28-I",0.267983997
"549","P-28-K",0.181999559
"550","P-28-L",0.242716138
"551","P-28-M",0.293792866
"552","P-28-N",0.229308422
"553","P-28-P",NA
"554","P-28-Q",0.243268737
"555","P-28-R",0.259563647
"556","P-28-S",0.168216182
"557","P-28-T",0.191290197
"558","P-28-V",0.2155458
"559","P-28-W",0.622851318
"560","P-28-Y",0.303774888
"561","V-29-A",0.294724507
"562","V-29-C",0.175013562
"563","V-29-D",0.749539904
"564","V-29-E",0.750394224
"565","V-29-F",0.483953434
"566","V-29-G",0.740178568
"567","V-29-H",0.749645085
"568","V-29-I",0.198903866
"569","V-29-K",0.754447788
"570","V-29-L",0.204838298
"571","V-29-M",0.28638877
"572","V-29-N",0.643952901
"573","V-29-P",0.756050474
"574","V-29-Q",0.745423283
"575","V-29-R",0.750524263
"576","V-29-S",0.341126687
"577","V-29-T",0.110177716
"578","V-29-V",NA
"579","V-29-W",0.74353298
"580","V-29-Y",0.748947698
"581","K-30-A",0.20548976
"582","K-30-C",0.244155808
"583","K-30-D",0.286414565
"584","K-30-E",0.12882996
"585","K-30-F",0.208486287
"586","K-30-G",0.359270284
"587","K-30-H",0.115688129
"588","K-30-I",0.144763502
"589","K-30-K",NA
"590","K-30-L",0.148912402
"591","K-30-M",0.220746568
"592","K-30-N",0.181280966
"593","K-30-P",0.439847043
"594","K-30-Q",0.145588912
"595","K-30-R",0.139647217
"596","K-30-S",0.139095477
"597","K-30-T",0.086550931
"598","K-30-V",0.111759697
"599","K-30-W",0.42254791
"600","K-30-Y",0.203960407
"601","V-31-A",0.466199343
"602","V-31-C",0.72190021
"603","V-31-D",0.800617432
"604","V-31-E",0.640667698
"605","V-31-F",0.399036226
"606","V-31-G",0.728830036
"607","V-31-H",0.794746413
"608","V-31-I",0.102750528
"609","V-31-K",0.796995736
"610","V-31-L",0.151773174
"611","V-31-M",0.283970379
"612","V-31-N",0.794251645
"613","V-31-P",0.794629139
"614","V-31-Q",0.798911188
"615","V-31-R",0.80279463
"616","V-31-S",0.708640177
"617","V-31-T",0.807987112
"618","V-31-V",NA
"619","V-31-W",0.805686598
"620","V-31-Y",0.721077844
"621","W-32-A",0.053701769
"622","W-32-C",0.088102068
"623","W-32-D",0.040593598
"624","W-32-E",0.031847317
"625","W-32-F",0.053364064
"626","W-32-G",0.098172743
"627","W-32-H",0.042966952
"628","W-32-I",0.049252801
"629","W-32-K",0.032842441
"630","W-32-L",0.056681106
"631","W-32-M",0.068289473
"632","W-32-N",0.037931847
"633","W-32-P",0.112427597
"634","W-32-Q",0.042959144
"635","W-32-R",0.043091613
"636","W-32-S",0.028085171
"637","W-32-T",0.024726602
"638","W-32-V",0.043141298
"639","W-32-W",NA
"640","W-32-Y",0.049092465
"641","G-33-A",0.178473318
"642","G-33-C",0.705779583
"643","G-33-D",0.773618429
"644","G-33-E",0.780348465
"645","G-33-F",0.386994459
"646","G-33-G",NA
"647","G-33-H",0.780589658
"648","G-33-I",0.21926374
"649","G-33-K",0.780287385
"650","G-33-L",0.340113122
"651","G-33-M",0.579770508
"652","G-33-N",0.787678421
"653","G-33-P",0.781405249
"654","G-33-Q",0.778921737
"655","G-33-R",0.923686201
"656","G-33-S",0.686298152
"657","G-33-T",0.545963016
"658","G-33-V",0.195443336
"659","G-33-W",0.355112896
"660","G-33-Y",0.236012769
"661","S-34-A",0.169567042
"662","S-34-C",0.199199997
"663","S-34-D",0.096821156
"664","S-34-E",0.055539216
"665","S-34-F",0.161579875
"666","S-34-G",0.250359634
"667","S-34-H",0.127886864
"668","S-34-I",0.152399806
"669","S-34-K",0.082835573
"670","S-34-L",0.203209153
"671","S-34-M",0.213931814
"672","S-34-N",0.098624071
"673","S-34-P",0.320851034
"674","S-34-Q",0.09729352
"675","S-34-R",0.110320912
"676","S-34-S",NA
"677","S-34-T",0.082636453
"678","S-34-V",0.121628324
"679","S-34-W",0.254522511
"680","S-34-Y",0.141904476
"681","I-35-A",0.756050474
"682","I-35-C",0.798560502
"683","I-35-D",0.803783326
"684","I-35-E",0.819426143
"685","I-35-F",0.23663245
"686","I-35-G",0.576876453
"687","I-35-H",0.808448499
"688","I-35-I",NA
"689","I-35-K",0.80417175
"690","I-35-L",0.141325572
"691","I-35-M",0.472091209
"692","I-35-N",0.711856939
"693","I-35-P",0.753102506
"694","I-35-Q",0.786482562
"695","I-35-R",0.801951048
"696","I-35-S",0.79816269
"697","I-35-T",0.804582616
"698","I-35-V",0.118227077
"699","I-35-W",0.801636695
"700","I-35-Y",0.800456283
"701","K-36-A",0.145259256
"702","K-36-C",0.224588842
"703","K-36-D",0.17115685
"704","K-36-E",0.100960417
"705","K-36-F",0.185795742
"706","K-36-G",0.258394199
"707","K-36-H",0.139342787
"708","K-36-I",0.15821654
"709","K-36-K",NA
"710","K-36-L",0.153284533
"711","K-36-M",0.213192611
"712","K-36-N",0.117982552
"713","K-36-P",0.347929821
"714","K-36-Q",0.126409649
"715","K-36-R",0.121615985
"716","K-36-S",0.07648283
"717","K-36-T",0.067779331
"718","K-36-V",0.155255661
"719","K-36-W",0.268891847
"720","K-36-Y",0.146086338
"721","G-37-A",0.790479868
"722","G-37-C",0.743742224
"723","G-37-D",0.392235054
"724","G-37-E",0.487326619
"725","G-37-F",0.796703966
"726","G-37-G",NA
"727","G-37-H",0.638382329
"728","G-37-I",0.852671078
"729","G-37-K",0.560619125
"730","G-37-L",0.841251505
"731","G-37-M",0.855373534
"732","G-37-N",0.207607367
"733","G-37-P",0.740520305
"734","G-37-Q",0.738381238
"735","G-37-R",0.718246293
"736","G-37-S",0.512840627
"737","G-37-T",0.783414581
"738","G-37-V",0.860804804
"739","G-37-W",0.856004701
"740","G-37-Y",0.723577369
"741","L-38-A",0.626278329
"742","L-38-C",0.77480053
"743","L-38-D",0.850235426
"744","L-38-E",0.847809681
"745","L-38-F",0.309316827
"746","L-38-G",0.843870038
"747","L-38-H",0.737001072
"748","L-38-I",0.32429204
"749","L-38-K",0.850675271
"750","L-38-L",NA
"751","L-38-M",0.290013843
"752","L-38-N",0.367415004
"753","L-38-P",0.845978521
"754","L-38-Q",0.851718507
"755","L-38-R",0.847463443
"756","L-38-S",0.700253801
"757","L-38-T",0.695526675
"758","L-38-V",0.391373487
"759","L-38-W",0.846401611
"760","L-38-Y",0.850318698
"761","T-39-A",0.106160066
"762","T-39-C",0.332431058
"763","T-39-D",0.169458859
"764","T-39-E",0.164217357
"765","T-39-F",0.362348323
"766","T-39-G",0.195162845
"767","T-39-H",0.354025075
"768","T-39-I",0.274062995
"769","T-39-K",0.109490736
"770","T-39-L",0.368980597
"771","T-39-M",0.292283999
"772","T-39-N",0.202049725
"773","T-39-P",0.156714852
"774","T-39-Q",0.191078165
"775","T-39-R",0.231315434
"776","T-39-S",0.108649939
"777","T-39-T",NA
"778","T-39-V",0.245570487
"779","T-39-W",0.500634234
"780","T-39-Y",0.341512663
"781","E-40-A",0.092777041
"782","E-40-C",0.279054599
"783","E-40-D",0.117091862
"784","E-40-E",NA
"785","E-40-F",0.266145503
"786","E-40-G",0.201235142
"787","E-40-H",0.236934739
"788","E-40-I",0.245146934
"789","E-40-K",0.088532603
"790","E-40-L",0.260903374
"791","E-40-M",0.286108795
"792","E-40-N",0.149435865
"793","E-40-P",0.055642366
"794","E-40-Q",0.117202921
"795","E-40-R",0.149670641
"796","E-40-S",0.140411653
"797","E-40-T",0.171099229
"798","E-40-V",0.192252922
"799","E-40-W",0.353626751
"800","E-40-Y",0.244786185
"801","G-41-A",0.294262124
"802","G-41-C",0.872694591
"803","G-41-D",0.75461045
"804","G-41-E",0.867485729
"805","G-41-F",0.769876256
"806","G-41-G",NA
"807","G-41-H",0.591414885
"808","G-41-I",0.827348947
"809","G-41-K",0.638846524
"810","G-41-L",0.66693666
"811","G-41-M",0.763311074
"812","G-41-N",0.778390852
"813","G-41-P",0.822962572
"814","G-41-Q",0.434116436
"815","G-41-R",0.768378155
"816","G-41-S",0.299287191
"817","G-41-T",0.415935895
"818","G-41-V",0.686204042
"819","G-41-W",0.871958303
"820","G-41-Y",0.877098459
"821","L-42-A",0.218552317
"822","L-42-C",0.303322383
"823","L-42-D",0.139918819
"824","L-42-E",0.116793983
"825","L-42-F",0.240529449
"826","L-42-G",0.312011378
"827","L-42-H",0.214959683
"828","L-42-I",0.378594254
"829","L-42-K",0.084076661
"830","L-42-L",NA
"831","L-42-M",0.260387105
"832","L-42-N",0.13735443
"833","L-42-P",0.184720312
"834","L-42-Q",0.115014056
"835","L-42-R",0.189267158
"836","L-42-S",0.19069781
"837","L-42-T",0.276945564
"838","L-42-V",0.24969892
"839","L-42-W",0.412601158
"840","L-42-Y",0.232053526
"841","H-43-A",0.883444667
"842","H-43-C",0.883184306
"843","H-43-D",0.870527405
"844","H-43-E",0.884002469
"845","H-43-F",0.760260741
"846","H-43-G",0.886449547
"847","H-43-H",NA
"848","H-43-I",0.877310237
"849","H-43-K",0.615147506
"850","H-43-L",0.834792169
"851","H-43-M",0.885576632
"852","H-43-N",0.817816147
"853","H-43-P",0.818554818
"854","H-43-Q",0.80488811
"855","H-43-R",0.275454056
"856","H-43-S",0.883571174
"857","H-43-T",0.881769342
"858","H-43-V",0.817147711
"859","H-43-W",0.882448491
"860","H-43-Y",0.339295634
"861","G-44-A",0.351958256
"862","G-44-C",0.918992691
"863","G-44-D",0.919370772
"864","G-44-E",0.919566065
"865","G-44-F",0.920202124
"866","G-44-G",NA
"867","G-44-H",0.918766738
"868","G-44-I",0.917949857
"869","G-44-K",0.917670604
"870","G-44-L",0.919659327
"871","G-44-M",0.920478369
"872","G-44-N",0.918608293
"873","G-44-P",0.921316125
"874","G-44-Q",0.917276702
"875","G-44-R",0.853264596
"876","G-44-S",0.921783401
"877","G-44-T",0.920953664
"878","G-44-V",0.86663876
"879","G-44-W",0.919598817
"880","G-44-Y",0.919737729
"881","F-45-A",0.77903873
"882","F-45-C",0.560348284
"883","F-45-D",0.874883027
"884","F-45-E",0.875040237
"885","F-45-F",NA
"886","F-45-G",0.823596378
"887","F-45-H",0.875012068
"888","F-45-I",0.285700304
"889","F-45-K",0.875881463
"890","F-45-L",0.252837305
"891","F-45-M",0.299814411
"892","F-45-N",0.875034312
"893","F-45-P",0.87590347
"894","F-45-Q",0.872691561
"895","F-45-R",0.880236369
"896","F-45-S",0.871401183
"897","F-45-T",0.765213154
"898","F-45-V",0.522530476
"899","F-45-W",0.54740691
"900","F-45-Y",0.876765324
"901","H-46-A",0.650503165
"902","H-46-C",0.843275442
"903","H-46-D",0.907222934
"904","H-46-E",0.906282288
"905","H-46-F",0.908519502
"906","H-46-G",0.924319437
"907","H-46-H",NA
"908","H-46-I",0.908260817
"909","H-46-K",0.907141578
"910","H-46-L",0.906092356
"911","H-46-M",0.893662353
"912","H-46-N",0.653212966
"913","H-46-P",0.906670755
"914","H-46-Q",0.842969277
"915","H-46-R",0.856309295
"916","H-46-S",0.663100404
"917","H-46-T",0.853847902
"918","H-46-V",0.908731472
"919","H-46-W",0.905945455
"920","H-46-Y",0.781383961
"921","V-47-A",0.639873646
"922","V-47-C",0.843840753
"923","V-47-D",0.836970994
"924","V-47-E",0.86668044
"925","V-47-F",0.403873177
"926","V-47-G",0.834829885
"927","V-47-H",0.831711077
"928","V-47-I",0.096960315
"929","V-47-K",0.834867589
"930","V-47-L",0.329304799
"931","V-47-M",0.837041091
"932","V-47-N",0.789530392
"933","V-47-P",0.836108455
"934","V-47-Q",0.84223799
"935","V-47-R",0.839645173
"936","V-47-S",0.842601201
"937","V-47-T",0.829056007
"938","V-47-V",NA
"939","V-47-W",0.841133919
"940","V-47-Y",0.845982355
"941","H-48-A",0.908555373
"942","H-48-C",0.538684384
"943","H-48-D",0.906589742
"944","H-48-E",0.906529196
"945","H-48-F",0.903082227
"946","H-48-G",0.908423727
"947","H-48-H",NA
"948","H-48-I",0.908703661
"949","H-48-K",0.905422512
"950","H-48-L",0.564198793
"951","H-48-M",0.905806506
"952","H-48-N",0.61998963
"953","H-48-P",0.907320457
"954","H-48-Q",0.900980095
"955","H-48-R",0.83088174
"956","H-48-S",0.866388185
"957","H-48-T",0.901213771
"958","H-48-V",0.865443423
"959","H-48-W",0.906170881
"960","H-48-Y",0.516620365
"961","E-49-A",0.147655774
"962","E-49-C",0.672006861
"963","E-49-D",0.276952737
"964","E-49-E",NA
"965","E-49-F",0.715445088
"966","E-49-G",0.449208129
"967","E-49-H",0.376860178
"968","E-49-I",0.585768169
"969","E-49-K",0.317291812
"970","E-49-L",0.376275166
"971","E-49-M",0.36152081
"972","E-49-N",0.436354087
"973","E-49-P",0.706705801
"974","E-49-Q",0.130646213
"975","E-49-R",0.339752374
"976","E-49-S",0.252166824
"977","E-49-T",0.211717324
"978","E-49-V",0.215882558
"979","E-49-W",0.727210801
"980","E-49-Y",0.718844507
"981","F-50-A",0.327251752
"982","F-50-C",0.409730081
"983","F-50-D",0.415783402
"984","F-50-E",0.464697198
"985","F-50-F",NA
"986","F-50-G",0.659622335
"987","F-50-H",0.362826323
"988","F-50-I",0.388098909
"989","F-50-K",0.22877637
"990","F-50-L",0.173292464
"991","F-50-M",0.466353174
"992","F-50-N",0.361325345
"993","F-50-P",0.777861319
"994","F-50-Q",0.654283268
"995","F-50-R",0.372942899
"996","F-50-S",0.280309343
"997","F-50-T",0.296495136
"998","F-50-V",0.448757785
"999","F-50-W",0.280048627
"1000","F-50-Y",0.144841118
"1001","G-51-A",0.527221637
"1002","G-51-C",0.841221662
"1003","G-51-D",0.902265719
"1004","G-51-E",0.866601849
"1005","G-51-F",0.901249164
"1006","G-51-G",NA
"1007","G-51-H",0.903030444
"1008","G-51-I",0.906184276
"1009","G-51-K",0.899884105
"1010","G-51-L",0.899708361
"1011","G-51-M",0.903451135
"1012","G-51-N",0.725640874
"1013","G-51-P",0.534650601
"1014","G-51-Q",0.855997652
"1015","G-51-R",0.783531459
"1016","G-51-S",0.550371951
"1017","G-51-T",0.856895167
"1018","G-51-V",0.901189453
"1019","G-51-W",0.902640952
"1020","G-51-Y",0.901998094
"1021","D-52-A",0.478745016
"1022","D-52-C",0.879612413
"1023","D-52-D",NA
"1024","D-52-E",0.762048834
"1025","D-52-F",0.76505618
"1026","D-52-G",0.730640391
"1027","D-52-H",0.681997593
"1028","D-52-I",0.765939018
"1029","D-52-K",0.687321103
"1030","D-52-L",0.755498923
"1031","D-52-M",0.866834304
"1032","D-52-N",0.251969278
"1033","D-52-P",0.881528017
"1034","D-52-Q",0.800141583
"1035","D-52-R",0.876084069
"1036","D-52-S",0.473505336
"1037","D-52-T",0.79861498
"1038","D-52-V",0.474506474
"1039","D-52-W",0.878577517
"1040","D-52-Y",0.692137218
"1041","N-53-A",0.247970729
"1042","N-53-C",0.288740634
"1043","N-53-D",0.387477088
"1044","N-53-E",0.344037982
"1045","N-53-F",0.223272849
"1046","N-53-G",0.290386497
"1047","N-53-H",0.315043713
"1048","N-53-I",0.170392025
"1049","N-53-K",0.436104632
"1050","N-53-L",0.126585778
"1051","N-53-M",0.221585193
"1052","N-53-N",NA
"1053","N-53-P",0.405289854
"1054","N-53-Q",0.298273604
"1055","N-53-R",0.26746101
"1056","N-53-S",0.215754362
"1057","N-53-T",0.114717537
"1058","N-53-V",0.181158431
"1059","N-53-W",0.333720038
"1060","N-53-Y",0.170774664
"1061","T-54-A",0.397796619
"1062","T-54-C",0.787081613
"1063","T-54-D",0.47159223
"1064","T-54-E",0.537346502
"1065","T-54-F",0.539188737
"1066","T-54-G",0.297878588
"1067","T-54-H",0.774920534
"1068","T-54-I",0.420759527
"1069","T-54-K",0.591575594
"1070","T-54-L",0.607309225
"1071","T-54-M",0.777411028
"1072","T-54-N",0.617362558
"1073","T-54-P",0.843349939
"1074","T-54-Q",0.664236548
"1075","T-54-R",0.29339572
"1076","T-54-S",0.155623749
"1077","T-54-T",NA
"1078","T-54-V",0.730390061
"1079","T-54-W",0.761804201
"1080","T-54-Y",0.661970991
"1081","A-55-A",NA
"1082","A-55-C",0.170935039
"1083","A-55-D",0.050471562
"1084","A-55-E",0.066155414
"1085","A-55-F",0.204693913
"1086","A-55-G",0.057799716
"1087","A-55-H",0.123671847
"1088","A-55-I",0.152837695
"1089","A-55-K",0.067733304
"1090","A-55-L",0.142647897
"1091","A-55-M",0.096476627
"1092","A-55-N",0.025788281
"1093","A-55-P",0.088946595
"1094","A-55-Q",0.055805355
"1095","A-55-R",0.092050826
"1096","A-55-S",0.066056194
"1097","A-55-T",0.085287752
"1098","A-55-V",0.145456121
"1099","A-55-W",0.202654276
"1100","A-55-Y",0.177011206
"1101","G-56-A",0.482756937
"1102","G-56-C",0.819110392
"1103","G-56-D",0.360889551
"1104","G-56-E",0.606155932
"1105","G-56-F",0.818746563
"1106","G-56-G",NA
"1107","G-56-H",0.855739906
"1108","G-56-I",0.892337312
"1109","G-56-K",0.48121646
"1110","G-56-L",0.864707854
"1111","G-56-M",0.778705855
"1112","G-56-N",0.359619004
"1113","G-56-P",0.810387285
"1114","G-56-Q",0.761531902
"1115","G-56-R",0.717986482
"1116","G-56-S",0.412496791
"1117","G-56-T",0.54352302
"1118","G-56-V",0.855222754
"1119","G-56-W",0.893445786
"1120","G-56-Y",0.893942603
"1121","C-57-A",0.496207106
"1122","C-57-C",NA
"1123","C-57-D",0.835411322
"1124","C-57-E",0.891948938
"1125","C-57-F",0.627674586
"1126","C-57-G",0.367144124
"1127","C-57-H",0.850005625
"1128","C-57-I",0.893866253
"1129","C-57-K",0.894349747
"1130","C-57-L",0.642729125
"1131","C-57-M",0.891315598
"1132","C-57-N",0.891052968
"1133","C-57-P",0.809990021
"1134","C-57-Q",0.892954637
"1135","C-57-R",0.891073015
"1136","C-57-S",0.729872629
"1137","C-57-T",0.852609361
"1138","C-57-V",0.85677086
"1139","C-57-W",0.741885246
"1140","C-57-Y",0.728605718
"1141","T-58-A",0.174447739
"1142","T-58-C",0.597585902
"1143","T-58-D",0.26057912
"1144","T-58-E",0.277710732
"1145","T-58-F",0.375828156
"1146","T-58-G",0.245736426
"1147","T-58-H",0.357857553
"1148","T-58-I",0.115071459
"1149","T-58-K",0.207182733
"1150","T-58-L",0.157490151
"1151","T-58-M",0.148848845
"1152","T-58-N",0.192125406
"1153","T-58-P",0.504836057
"1154","T-58-Q",0.274098599
"1155","T-58-R",0.370797711
"1156","T-58-S",0.236378352
"1157","T-58-T",NA
"1158","T-58-V",0.130952682
"1159","T-58-W",0.61421531
"1160","T-58-Y",0.479636224
"1161","S-59-A",0.29298215
"1162","S-59-C",0.794562137
"1163","S-59-D",0.396983889
"1164","S-59-E",0.614934937
"1165","S-59-F",0.881479407
"1166","S-59-G",0.338943118
"1167","S-59-H",0.834775403
"1168","S-59-I",0.88165848
"1169","S-59-K",0.537535926
"1170","S-59-L",0.747673586
"1171","S-59-M",0.879850037
"1172","S-59-N",0.386531088
"1173","S-59-P",0.880164549
"1174","S-59-Q",0.802916285
"1175","S-59-R",0.723921262
"1176","S-59-S",NA
"1177","S-59-T",0.257126674
"1178","S-59-V",0.803222577
"1179","S-59-W",0.862606238
"1180","S-59-Y",0.877521618
"1181","A-60-A",NA
"1182","A-60-C",0.415439907
"1183","A-60-D",0.837253103
"1184","A-60-E",0.753508155
"1185","A-60-F",0.52872749
"1186","A-60-G",0.652977026
"1187","A-60-H",0.836756413
"1188","A-60-I",0.460438146
"1189","A-60-K",0.781046664
"1190","A-60-L",0.326854808
"1191","A-60-M",0.326549616
"1192","A-60-N",0.769322894
"1193","A-60-P",0.841615647
"1194","A-60-Q",0.883523586
"1195","A-60-R",0.842650475
"1196","A-60-S",0.242322216
"1197","A-60-T",0.149945893
"1198","A-60-V",0.347887539
"1199","A-60-W",0.78182666
"1200","A-60-Y",0.832545866
"1201","G-61-A",0.321810545
"1202","G-61-C",0.523398937
"1203","G-61-D",0.893720666
"1204","G-61-E",0.803733377
"1205","G-61-F",0.895388238
"1206","G-61-G",NA
"1207","G-61-H",0.895797861
"1208","G-61-I",0.894562824
"1209","G-61-K",0.552343736
"1210","G-61-L",0.412000166
"1211","G-61-M",0.869488714
"1212","G-61-N",0.894914304
"1213","G-61-P",0.892578888
"1214","G-61-Q",0.816800293
"1215","G-61-R",0.790594498
"1216","G-61-S",0.745048769
"1217","G-61-T",0.84716371
"1218","G-61-V",0.895230978
"1219","G-61-W",0.895608165
"1220","G-61-Y",0.895267938
"1221","P-62-A",0.104925196
"1222","P-62-C",0.678777525
"1223","P-62-D",0.236124482
"1224","P-62-E",0.209369638
"1225","P-62-F",0.494807572
"1226","P-62-G",0.116800746
"1227","P-62-H",0.463342556
"1228","P-62-I",0.571756478
"1229","P-62-K",0.316507756
"1230","P-62-L",0.349660976
"1231","P-62-M",0.385363809
"1232","P-62-N",0.312595901
"1233","P-62-P",NA
"1234","P-62-Q",0.372328621
"1235","P-62-R",0.522498729
"1236","P-62-S",0.143007037
"1237","P-62-T",0.288119669
"1238","P-62-V",0.428625147
"1239","P-62-W",0.670376751
"1240","P-62-Y",0.648249697
"1241","H-63-A",0.916638908
"1242","H-63-C",0.916108283
"1243","H-63-D",0.920532936
"1244","H-63-E",0.918437581
"1245","H-63-F",0.916906545
"1246","H-63-G",0.916576357
"1247","H-63-H",NA
"1248","H-63-I",0.566558845
"1249","H-63-K",0.917522287
"1250","H-63-L",0.916909998
"1251","H-63-M",0.916632818
"1252","H-63-N",0.916644115
"1253","H-63-P",0.816199274
"1254","H-63-Q",0.917990475
"1255","H-63-R",0.91897528
"1256","H-63-S",0.917674871
"1257","H-63-T",0.915537777
"1258","H-63-V",0.761518288
"1259","H-63-W",0.914742217
"1260","H-63-Y",0.829307726
"1261","F-64-A",0.856758635
"1262","F-64-C",0.862770892
"1263","F-64-D",0.854367613
"1264","F-64-E",0.859445683
"1265","F-64-F",NA
"1266","F-64-G",0.855481646
"1267","F-64-H",0.689929015
"1268","F-64-I",0.859971495
"1269","F-64-K",0.858667888
"1270","F-64-L",0.286451426
"1271","F-64-M",0.811477812
"1272","F-64-N",0.859678148
"1273","F-64-P",0.861044621
"1274","F-64-Q",0.861588282
"1275","F-64-R",0.860151911
"1276","F-64-S",0.773920263
"1277","F-64-T",0.856490322
"1278","F-64-V",0.832501044
"1279","F-64-W",0.372594693
"1280","F-64-Y",0.136607358
"1281","N-65-A",0.886209266
"1282","N-65-C",0.921637325
"1283","N-65-D",0.3560008
"1284","N-65-E",0.923820051
"1285","N-65-F",0.919481652
"1286","N-65-G",0.924544534
"1287","N-65-H",0.921924301
"1288","N-65-I",0.838607522
"1289","N-65-K",0.925080623
"1290","N-65-L",0.919807832
"1291","N-65-M",0.924319437
"1292","N-65-N",NA
"1293","N-65-P",0.920952883
"1294","N-65-Q",0.923266868
"1295","N-65-R",0.922960864
"1296","N-65-S",0.736228163
"1297","N-65-T",0.921976355
"1298","N-65-V",0.922194725
"1299","N-65-W",0.920783286
"1300","N-65-Y",0.921614629
"1301","P-66-A",0.708383313
"1302","P-66-C",0.906691271
"1303","P-66-D",0.906371897
"1304","P-66-E",0.906246175
"1305","P-66-F",0.86261458
"1306","P-66-G",0.903505852
"1307","P-66-H",0.906470618
"1308","P-66-I",0.822788173
"1309","P-66-K",0.90375519
"1310","P-66-L",0.493344011
"1311","P-66-M",0.824565416
"1312","P-66-N",0.908114529
"1313","P-66-P",NA
"1314","P-66-Q",0.908906105
"1315","P-66-R",0.909725326
"1316","P-66-S",0.893128452
"1317","P-66-T",0.77517908
"1318","P-66-V",0.57528237
"1319","P-66-W",0.908589234
"1320","P-66-Y",0.905412064
"1321","L-67-A",0.107197125
"1322","L-67-C",0.14374045
"1323","L-67-D",0.099621255
"1324","L-67-E",0.081010798
"1325","L-67-F",0.060940068
"1326","L-67-G",0.143996857
"1327","L-67-H",0.069731114
"1328","L-67-I",0.191695914
"1329","L-67-K",0.115889141
"1330","L-67-L",NA
"1331","L-67-M",0.151622928
"1332","L-67-N",0.109761181
"1333","L-67-P",0.296001813
"1334","L-67-Q",0.119603008
"1335","L-67-R",0.140411653
"1336","L-67-S",0.128059505
"1337","L-67-T",0.082494558
"1338","L-67-V",0.213823764
"1339","L-67-W",0.207773654
"1340","L-67-Y",0.093869909
"1341","S-68-A",0.127318637
"1342","S-68-C",0.221420922
"1343","S-68-D",0.131670897
"1344","S-68-E",0.124740653
"1345","S-68-F",0.212695522
"1346","S-68-G",0.051743747
"1347","S-68-H",0.114508711
"1348","S-68-I",0.312123384
"1349","S-68-K",0.062267297
"1350","S-68-L",0.145776709
"1351","S-68-M",0.144863156
"1352","S-68-N",0.058009827
"1353","S-68-P",0.27618203
"1354","S-68-Q",0.127206957
"1355","S-68-R",0.136961518
"1356","S-68-S",NA
"1357","S-68-T",0.191099761
"1358","S-68-V",0.281866711
"1359","S-68-W",0.313933828
"1360","S-68-Y",0.178807032
"1361","R-69-A",0.107424403
"1362","R-69-C",0.10530252
"1363","R-69-D",0.173797752
"1364","R-69-E",0.119043075
"1365","R-69-F",0.152759296
"1366","R-69-G",0.176869743
"1367","R-69-H",0.11115935
"1368","R-69-I",0.21220671
"1369","R-69-K",0.039020555
"1370","R-69-L",0.095432006
"1371","R-69-M",0.09522933
"1372","R-69-N",0.097677555
"1373","R-69-P",0.278695622
"1374","R-69-Q",0.074029775
"1375","R-69-R",NA
"1376","R-69-S",0.115290531
"1377","R-69-T",0.110523313
"1378","R-69-V",0.071599094
"1379","R-69-W",0.252201983
"1380","R-69-Y",0.166716961
"1381","K-70-A",0.114839536
"1382","K-70-C",0.205399454
"1383","K-70-D",0.066472585
"1384","K-70-E",0.063969747
"1385","K-70-F",0.2142414
"1386","K-70-G",0.281388616
"1387","K-70-H",0.119144834
"1388","K-70-I",0.153011196
"1389","K-70-K",NA
"1390","K-70-L",0.11910343
"1391","K-70-M",0.163498418
"1392","K-70-N",0.066451894
"1393","K-70-P",0.11599482
"1394","K-70-Q",0.091724944
"1395","K-70-R",0.143587444
"1396","K-70-S",0.082403197
"1397","K-70-T",0.051930776
"1398","K-70-V",0.103390218
"1399","K-70-W",0.232805999
"1400","K-70-Y",0.240900174
"1401","H-71-A",0.932627225
"1402","H-71-C",0.932601817
"1403","H-71-D",0.923628041
"1404","H-71-E",0.932073819
"1405","H-71-F",0.93182282
"1406","H-71-G",0.932647093
"1407","H-71-H",NA
"1408","H-71-I",0.931507102
"1409","H-71-K",0.931782157
"1410","H-71-L",0.931098794
"1411","H-71-M",0.932867064
"1412","H-71-N",0.931812522
"1413","H-71-P",0.93090397
"1414","H-71-Q",0.890079367
"1415","H-71-R",0.93167758
"1416","H-71-S",0.928872113
"1417","H-71-T",0.93299979
"1418","H-71-V",0.931739127
"1419","H-71-W",0.932498226
"1420","H-71-Y",0.891264392
"1421","G-72-A",0.230547742
"1422","G-72-C",0.89434011
"1423","G-72-D",0.893673302
"1424","G-72-E",0.893417758
"1425","G-72-F",0.890843541
"1426","G-72-G",NA
"1427","G-72-H",0.758551995
"1428","G-72-I",0.895397755
"1429","G-72-K",0.793226471
"1430","G-72-L",0.895334667
"1431","G-72-M",0.892642863
"1432","G-72-N",0.842156859
"1433","G-72-P",0.845224394
"1434","G-72-Q",0.89015279
"1435","G-72-R",0.892413791
"1436","G-72-S",0.398959275
"1437","G-72-T",0.892232345
"1438","G-72-V",0.893336056
"1439","G-72-W",0.893994655
"1440","G-72-Y",0.890553036
"1441","G-73-A",0.081068063
"1442","G-73-C",0.592218332
"1443","G-73-D",0.189725581
"1444","G-73-E",0.478262647
"1445","G-73-F",0.592329161
"1446","G-73-G",NA
"1447","G-73-H",0.269796676
"1448","G-73-I",0.500331413
"1449","G-73-K",0.33409446
"1450","G-73-L",0.577398568
"1451","G-73-M",0.697018779
"1452","G-73-N",0.441193851
"1453","G-73-P",0.396771858
"1454","G-73-Q",0.714362488
"1455","G-73-R",0.35457058
"1456","G-73-S",0.169799428
"1457","G-73-T",0.70089917
"1458","G-73-V",0.710560298
"1459","G-73-W",0.718832047
"1460","G-73-Y",0.590794115
"1461","P-74-A",0.60851076
"1462","P-74-C",0.857714574
"1463","P-74-D",0.860085578
"1464","P-74-E",0.782364709
"1465","P-74-F",0.855245843
"1466","P-74-G",0.854226294
"1467","P-74-H",0.748656301
"1468","P-74-I",0.340671305
"1469","P-74-K",0.34732904
"1470","P-74-L",0.337020602
"1471","P-74-M",0.632603643
"1472","P-74-N",0.761623829
"1473","P-74-P",NA
"1474","P-74-Q",0.328906393
"1475","P-74-R",0.24858173
"1476","P-74-S",0.6096782
"1477","P-74-T",0.681043919
"1478","P-74-V",0.644161682
"1479","P-74-W",0.859910194
"1480","P-74-Y",0.857825755
"1481","K-75-A",0.089022213
"1482","K-75-C",0.12701337
"1483","K-75-D",0.057928641
"1484","K-75-E",0.053050861
"1485","K-75-F",0.13461849
"1486","K-75-G",0.078016527
"1487","K-75-H",0.112469835
"1488","K-75-I",0.191492962
"1489","K-75-K",NA
"1490","K-75-L",0.117575895
"1491","K-75-M",0.129111536
"1492","K-75-N",0.069076668
"1493","K-75-P",0.251313837
"1494","K-75-Q",0.074893749
"1495","K-75-R",0.133631951
"1496","K-75-S",0.067556909
"1497","K-75-T",0.054562035
"1498","K-75-V",0.114054318
"1499","K-75-W",0.17514619
"1500","K-75-Y",0.132023821
"1501","D-76-A",0.159609663
"1502","D-76-C",0.481359684
"1503","D-76-D",NA
"1504","D-76-E",0.281363175
"1505","D-76-F",0.702590466
"1506","D-76-G",0.386430265
"1507","D-76-H",0.259789439
"1508","D-76-I",0.632545172
"1509","D-76-K",0.488174182
"1510","D-76-L",0.690935502
"1511","D-76-M",0.629314487
"1512","D-76-N",0.266848024
"1513","D-76-P",0.783312562
"1514","D-76-Q",0.488916333
"1515","D-76-R",0.784430856
"1516","D-76-S",0.191273984
"1517","D-76-T",0.416964335
"1518","D-76-V",0.40877131
"1519","D-76-W",0.787517697
"1520","D-76-Y",0.511865369
"1521","E-77-A",0.112038489
"1522","E-77-C",0.38586808
"1523","E-77-D",0.134705422
"1524","E-77-E",NA
"1525","E-77-F",0.325826338
"1526","E-77-G",0.248833723
"1527","E-77-H",0.247967422
"1528","E-77-I",0.224398286
"1529","E-77-K",0.151435592
"1530","E-77-L",0.206394545
"1531","E-77-M",0.335153376
"1532","E-77-N",0.199639268
"1533","E-77-P",0.190939163
"1534","E-77-Q",0.165803266
"1535","E-77-R",0.19014596
"1536","E-77-S",0.13060073
"1537","E-77-T",0.137920379
"1538","E-77-V",0.193469235
"1539","E-77-W",0.341555831
"1540","E-77-Y",0.307902248
"1541","E-78-A",0.250501264
"1542","E-78-C",0.536643215
"1543","E-78-D",0.139721144
"1544","E-78-E",NA
"1545","E-78-F",0.256778682
"1546","E-78-G",0.397107439
"1547","E-78-H",0.230991803
"1548","E-78-I",0.123412147
"1549","E-78-K",0.195204075
"1550","E-78-L",0.246275938
"1551","E-78-M",0.224942615
"1552","E-78-N",0.104729168
"1553","E-78-P",0.325883351
"1554","E-78-Q",0.218388282
"1555","E-78-R",0.265228878
"1556","E-78-S",0.224774904
"1557","E-78-T",0.162634833
"1558","E-78-V",0.09947579
"1559","E-78-W",0.443105731
"1560","E-78-Y",0.287675485
"1561","R-79-A",0.875618016
"1562","R-79-C",0.86368097
"1563","R-79-D",0.898863611
"1564","R-79-E",0.89757165
"1565","R-79-F",0.898739223
"1566","R-79-G",0.660899109
"1567","R-79-H",0.674808269
"1568","R-79-I",0.895578479
"1569","R-79-K",0.349395399
"1570","R-79-L",0.833779619
"1571","R-79-M",0.897898942
"1572","R-79-N",0.710339875
"1573","R-79-P",0.878884689
"1574","R-79-Q",0.769414157
"1575","R-79-R",NA
"1576","R-79-S",0.51730115
"1577","R-79-T",0.89681255
"1578","R-79-V",0.896023781
"1579","R-79-W",0.930893273
"1580","R-79-Y",0.891060499
"1581","H-80-A",0.923780672
"1582","H-80-C",0.908995239
"1583","H-80-D",0.920584261
"1584","H-80-E",0.920357777
"1585","H-80-F",0.921862084
"1586","H-80-G",0.920135818
"1587","H-80-H",NA
"1588","H-80-I",0.921962386
"1589","H-80-K",0.923842304
"1590","H-80-L",0.923615353
"1591","H-80-M",0.591974564
"1592","H-80-N",0.883607873
"1593","H-80-P",0.922435795
"1594","H-80-Q",0.923286423
"1595","H-80-R",0.79806985
"1596","H-80-S",0.92626081
"1597","H-80-T",0.924246813
"1598","H-80-V",0.92142949
"1599","H-80-W",0.923010137
"1600","H-80-Y",0.921949177
"1601","V-81-A",0.130333847
"1602","V-81-C",0.770667455
"1603","V-81-D",0.54100786
"1604","V-81-E",0.364000279
"1605","V-81-F",0.2778636
"1606","V-81-G",0.730632387
"1607","V-81-H",0.365060597
"1608","V-81-I",0.174901017
"1609","V-81-K",0.738162749
"1610","V-81-L",0.207843096
"1611","V-81-M",0.310100244
"1612","V-81-N",0.416643392
"1613","V-81-P",0.616949348
"1614","V-81-Q",0.638250572
"1615","V-81-R",0.447972947
"1616","V-81-S",0.419944583
"1617","V-81-T",0.260272293
"1618","V-81-V",NA
"1619","V-81-W",0.727476757
"1620","V-81-Y",0.273381905
"1621","G-82-A",0.895188019
"1622","G-82-C",0.932543158
"1623","G-82-D",0.930493436
"1624","G-82-E",0.930542929
"1625","G-82-F",0.930984684
"1626","G-82-G",NA
"1627","G-82-H",0.931909068
"1628","G-82-I",0.929684995
"1629","G-82-K",0.932525429
"1630","G-82-L",0.910393886
"1631","G-82-M",0.930201232
"1632","G-82-N",0.930435973
"1633","G-82-P",0.930109434
"1634","G-82-Q",0.930559205
"1635","G-82-R",0.886960938
"1636","G-82-S",0.890889978
"1637","G-82-T",0.929501982
"1638","G-82-V",0.930118632
"1639","G-82-W",0.928282743
"1640","G-82-Y",0.929802423
"1641","D-83-A",0.920562624
"1642","D-83-C",0.918440108
"1643","D-83-D",NA
"1644","D-83-E",0.924574392
"1645","D-83-F",0.91982657
"1646","D-83-G",0.921776374
"1647","D-83-H",0.921624812
"1648","D-83-I",0.919618442
"1649","D-83-K",0.921619323
"1650","D-83-L",0.817439419
"1651","D-83-M",0.92038191
"1652","D-83-N",0.744852063
"1653","D-83-P",0.921218287
"1654","D-83-Q",0.920608275
"1655","D-83-R",0.923342814
"1656","D-83-S",0.648451652
"1657","D-83-T",0.934455218
"1658","D-83-V",0.927843877
"1659","D-83-W",0.922903196
"1660","D-83-Y",0.921973251
"1661","L-84-A",0.898550601
"1662","L-84-C",0.86585947
"1663","L-84-D",0.895514322
"1664","L-84-E",0.896422048
"1665","L-84-F",0.31402244
"1666","L-84-G",0.894376283
"1667","L-84-H",0.894309967
"1668","L-84-I",0.844432575
"1669","L-84-K",0.89416756
"1670","L-84-L",NA
"1671","L-84-M",0.278407264
"1672","L-84-N",0.896134749
"1673","L-84-P",0.891751571
"1674","L-84-Q",0.827519767
"1675","L-84-R",0.893903821
"1676","L-84-S",0.893977718
"1677","L-84-T",0.893768003
"1678","L-84-V",0.896764544
"1679","L-84-W",0.479270892
"1680","L-84-Y",0.778671929
"1681","G-85-A",0.879670447
"1682","G-85-C",0.920948899
"1683","G-85-D",0.923371361
"1684","G-85-E",0.770048423
"1685","G-85-F",0.923461351
"1686","G-85-G",NA
"1687","G-85-H",0.924079026
"1688","G-85-I",0.922404301
"1689","G-85-K",0.923307495
"1690","G-85-L",0.924274715
"1691","G-85-M",0.922071747
"1692","G-85-N",0.922903196
"1693","G-85-P",0.920016745
"1694","G-85-Q",0.923042689
"1695","G-85-R",0.860924748
"1696","G-85-S",0.920194843
"1697","G-85-T",0.923965279
"1698","G-85-V",0.904337217
"1699","G-85-W",0.914482602
"1700","G-85-Y",0.923576553
"1701","N-86-A",0.925601999
"1702","N-86-C",0.924578758
"1703","N-86-D",0.925703121
"1704","N-86-E",0.924186551
"1705","N-86-F",0.923934947
"1706","N-86-G",0.921407459
"1707","N-86-H",0.924713203
"1708","N-86-I",0.926772039
"1709","N-86-K",0.916327984
"1710","N-86-L",0.926569422
"1711","N-86-M",0.923996338
"1712","N-86-N",NA
"1713","N-86-P",0.923915708
"1714","N-86-Q",0.925030311
"1715","N-86-R",0.923296209
"1716","N-86-S",0.455336698
"1717","N-86-T",0.919332928
"1718","N-86-V",0.922748744
"1719","N-86-W",0.924402182
"1720","N-86-Y",0.925142358
"1721","V-87-A",0.322761321
"1722","V-87-C",0.774053571
"1723","V-87-D",0.766463352
"1724","V-87-E",0.769977022
"1725","V-87-F",0.281386789
"1726","V-87-G",0.773258634
"1727","V-87-H",0.767905463
"1728","V-87-I",0.096189056
"1729","V-87-K",0.766844051
"1730","V-87-L",0.1764258
"1731","V-87-M",0.435887141
"1732","V-87-N",0.768535438
"1733","V-87-P",0.779460089
"1734","V-87-Q",0.760907724
"1735","V-87-R",0.771673847
"1736","V-87-S",0.744993195
"1737","V-87-T",0.761756617
"1738","V-87-V",NA
"1739","V-87-W",0.774731075
"1740","V-87-Y",0.629860197
"1741","T-88-A",0.184940747
"1742","T-88-C",0.239039436
"1743","T-88-D",0.169843255
"1744","T-88-E",0.086946566
"1745","T-88-F",0.198941556
"1746","T-88-G",0.37103167
"1747","T-88-H",0.199099383
"1748","T-88-I",0.11705035
"1749","T-88-K",0.127848841
"1750","T-88-L",0.149250022
"1751","T-88-M",0.207286667
"1752","T-88-N",0.166343765
"1753","T-88-P",0.262048323
"1754","T-88-Q",0.147046712
"1755","T-88-R",0.166313895
"1756","T-88-S",0.190949959
"1757","T-88-T",NA
"1758","T-88-V",0.087229525
"1759","T-88-W",0.264647399
"1760","T-88-Y",0.186552282
"1761","A-89-A",NA
"1762","A-89-C",0.410838938
"1763","A-89-D",0.818826998
"1764","A-89-E",0.545476705
"1765","A-89-F",0.326793311
"1766","A-89-G",0.562875702
"1767","A-89-H",0.816898679
"1768","A-89-I",0.570102614
"1769","A-89-K",0.616976541
"1770","A-89-L",0.849806989
"1771","A-89-M",0.817847125
"1772","A-89-N",0.664970635
"1773","A-89-P",0.640956745
"1774","A-89-Q",0.42710871
"1775","A-89-R",0.661553613
"1776","A-89-S",0.19236014
"1777","A-89-T",0.198414381
"1778","A-89-V",0.206196075
"1779","A-89-W",0.821646575
"1780","A-89-Y",0.817405924
"1781","D-90-A",0.204435373
"1782","D-90-C",0.402462034
"1783","D-90-D",NA
"1784","D-90-E",0.183440275
"1785","D-90-F",0.49593773
"1786","D-90-G",0.090110796
"1787","D-90-H",0.275813387
"1788","D-90-I",0.329096956
"1789","D-90-K",0.176429577
"1790","D-90-L",0.321455733
"1791","D-90-M",0.337521257
"1792","D-90-N",0.104882941
"1793","D-90-P",0.219318073
"1794","D-90-Q",0.276096113
"1795","D-90-R",0.248878507
"1796","D-90-S",0.145492999
"1797","D-90-T",0.166286419
"1798","D-90-V",0.239484269
"1799","D-90-W",0.520728968
"1800","D-90-Y",0.307518191
"1801","K-91-A",0.053523951
"1802","K-91-C",0.172017115
"1803","K-91-D",0.061004533
"1804","K-91-E",0.062899597
"1805","K-91-F",0.209279422
"1806","K-91-G",0.07782627
"1807","K-91-H",0.169275449
"1808","K-91-I",0.179378942
"1809","K-91-K",NA
"1810","K-91-L",0.175953934
"1811","K-91-M",0.178381703
"1812","K-91-N",0.100605593
"1813","K-91-P",0.096835685
"1814","K-91-Q",0.103246953
"1815","K-91-R",0.124669228
"1816","K-91-S",0.06712422
"1817","K-91-T",0.108612347
"1818","K-91-V",0.11774452
"1819","K-91-W",0.225233642
"1820","K-91-Y",0.143059895
"1821","D-92-A",0.177350109
"1822","D-92-C",0.34394362
"1823","D-92-D",NA
"1824","D-92-E",0.148788541
"1825","D-92-F",0.27370362
"1826","D-92-G",0.170377371
"1827","D-92-H",0.227151681
"1828","D-92-I",0.48504814
"1829","D-92-K",0.175407973
"1830","D-92-L",0.297139508
"1831","D-92-M",0.353023694
"1832","D-92-N",0.110378246
"1833","D-92-P",0.395245292
"1834","D-92-Q",0.145246632
"1835","D-92-R",0.256907657
"1836","D-92-S",0.110876458
"1837","D-92-T",0.175141186
"1838","D-92-V",0.346748869
"1839","D-92-W",0.388389754
"1840","D-92-Y",0.230265641
"1841","G-93-A",0.324233314
"1842","G-93-C",0.689352406
"1843","G-93-D",0.650080055
"1844","G-93-E",0.421351216
"1845","G-93-F",0.818569022
"1846","G-93-G",NA
"1847","G-93-H",0.488383976
"1848","G-93-I",0.77502464
"1849","G-93-K",0.277628043
"1850","G-93-L",0.736869834
"1851","G-93-M",0.819614368
"1852","G-93-N",0.295709941
"1853","G-93-P",0.505183036
"1854","G-93-Q",0.381303097
"1855","G-93-R",0.360182518
"1856","G-93-S",0.255953359
"1857","G-93-T",0.384831807
"1858","G-93-V",0.749260334
"1859","G-93-W",0.728280922
"1860","G-93-Y",0.670897992
"1861","V-94-A",0.226014208
"1862","V-94-C",0.27180238
"1863","V-94-D",0.23766044
"1864","V-94-E",0.199982566
"1865","V-94-F",0.298506629
"1866","V-94-G",0.42749798
"1867","V-94-H",0.338134831
"1868","V-94-I",0.140599068
"1869","V-94-K",0.143423162
"1870","V-94-L",0.189415839
"1871","V-94-M",0.278065128
"1872","V-94-N",0.167701444
"1873","V-94-P",0.229394325
"1874","V-94-Q",0.245872866
"1875","V-94-R",0.218349166
"1876","V-94-S",0.201383178
"1877","V-94-T",0.15310189
"1878","V-94-V",NA
"1879","V-94-W",0.576487638
"1880","V-94-Y",0.305759957
"1881","A-95-A",NA
"1882","A-95-C",0.254846347
"1883","A-95-D",0.67254539
"1884","A-95-E",0.53766046
"1885","A-95-F",0.519306799
"1886","A-95-G",0.266269171
"1887","A-95-H",0.777966771
"1888","A-95-I",0.279522354
"1889","A-95-K",0.69710946
"1890","A-95-L",0.340347948
"1891","A-95-M",0.78546144
"1892","A-95-N",0.799866626
"1893","A-95-P",0.779223389
"1894","A-95-Q",0.6845072
"1895","A-95-R",0.775647941
"1896","A-95-S",0.23901688
"1897","A-95-T",0.179796112
"1898","A-95-V",0.157528783
"1899","A-95-W",0.784108721
"1900","A-95-Y",0.622667794
"1901","D-96-A",0.109145406
"1902","D-96-C",0.185853739
"1903","D-96-D",NA
"1904","D-96-E",0.074316472
"1905","D-96-F",0.175098634
"1906","D-96-G",0.214508306
"1907","D-96-H",0.09975337
"1908","D-96-I",0.127194043
"1909","D-96-K",0.052829187
"1910","D-96-L",0.130235558
"1911","D-96-M",0.173505841
"1912","D-96-N",0.080540256
"1913","D-96-P",0.155513686
"1914","D-96-Q",0.107480141
"1915","D-96-R",0.103899679
"1916","D-96-S",0.090472667
"1917","D-96-T",0.075515437
"1918","D-96-V",0.087875562
"1919","D-96-W",0.261293218
"1920","D-96-Y",0.14472366
"1921","V-97-A",0.226491884
"1922","V-97-C",0.327438792
"1923","V-97-D",0.536448605
"1924","V-97-E",0.270813131
"1925","V-97-F",0.116184618
"1926","V-97-G",0.189184153
"1927","V-97-H",0.305699316
"1928","V-97-I",0.098470324
"1929","V-97-K",0.413967307
"1930","V-97-L",0.146680951
"1931","V-97-M",0.352401015
"1932","V-97-N",0.515355472
"1933","V-97-P",0.559524982
"1934","V-97-Q",0.370491653
"1935","V-97-R",0.38667054
"1936","V-97-S",0.299891157
"1937","V-97-T",0.166254168
"1938","V-97-V",NA
"1939","V-97-W",0.453444227
"1940","V-97-Y",0.22834641
"1941","S-98-A",0.137158334
"1942","S-98-C",0.17958614
"1943","S-98-D",0.081363058
"1944","S-98-E",0.102275761
"1945","S-98-F",0.217386587
"1946","S-98-G",0.25038129
"1947","S-98-H",0.143941582
"1948","S-98-I",0.231507265
"1949","S-98-K",0.105809149
"1950","S-98-L",0.190019622
"1951","S-98-M",0.224155659
"1952","S-98-N",0.077764052
"1953","S-98-P",0.382151958
"1954","S-98-Q",0.134098053
"1955","S-98-R",0.163276254
"1956","S-98-S",NA
"1957","S-98-T",0.099407415
"1958","S-98-V",0.151664586
"1959","S-98-W",0.243493965
"1960","S-98-Y",0.161936265
"1961","I-99-A",0.317747045
"1962","I-99-C",0.619973293
"1963","I-99-D",0.491644978
"1964","I-99-E",0.364514081
"1965","I-99-F",0.14739628
"1966","I-99-G",0.37989169
"1967","I-99-H",0.467637388
"1968","I-99-I",NA
"1969","I-99-K",0.205799607
"1970","I-99-L",0.139803223
"1971","I-99-M",0.156223647
"1972","I-99-N",0.433396995
"1973","I-99-P",0.688289349
"1974","I-99-Q",0.402642245
"1975","I-99-R",0.305492036
"1976","I-99-S",0.406503785
"1977","I-99-T",0.275141492
"1978","I-99-V",0.193870632
"1979","I-99-W",0.425754389
"1980","I-99-Y",0.285490718
"1981","E-100-A",0.153216986
"1982","E-100-C",0.202194004
"1983","E-100-D",0.147226726
"1984","E-100-E",NA
"1985","E-100-F",0.159508462
"1986","E-100-G",0.243396028
"1987","E-100-H",0.173796506
"1988","E-100-I",0.117847691
"1989","E-100-K",0.082278484
"1990","E-100-L",0.163652568
"1991","E-100-M",0.169190487
"1992","E-100-N",0.147744505
"1993","E-100-P",0.265872183
"1994","E-100-Q",0.108583379
"1995","E-100-R",0.134053315
"1996","E-100-S",0.084687508
"1997","E-100-T",0.060968034
"1998","E-100-V",0.094805113
"1999","E-100-W",0.224788745
"2000","E-100-Y",0.140044658
"2001","D-101-A",0.398016361
"2002","D-101-C",0.868313503
"2003","D-101-D",NA
"2004","D-101-E",0.686584626
"2005","D-101-F",0.512166044
"2006","D-101-G",0.514646112
"2007","D-101-H",0.82194733
"2008","D-101-I",0.630282613
"2009","D-101-K",0.807634399
"2010","D-101-L",0.718815206
"2011","D-101-M",0.869000089
"2012","D-101-N",0.389839801
"2013","D-101-P",0.825347329
"2014","D-101-Q",0.864403749
"2015","D-101-R",0.865398026
"2016","D-101-S",0.310660872
"2017","D-101-T",0.486923099
"2018","D-101-V",0.40462811
"2019","D-101-W",0.868857158
"2020","D-101-Y",0.496107326
"2021","S-102-A",0.146871164
"2022","S-102-C",0.191372635
"2023","S-102-D",0.144847413
"2024","S-102-E",0.216789079
"2025","S-102-F",0.262194713
"2026","S-102-G",0.198733619
"2027","S-102-H",0.138744934
"2028","S-102-I",0.277029908
"2029","S-102-K",0.084317079
"2030","S-102-L",0.208515294
"2031","S-102-M",0.286412718
"2032","S-102-N",0.119580491
"2033","S-102-P",0.156908337
"2034","S-102-Q",0.19258153
"2035","S-102-R",0.129567489
"2036","S-102-S",NA
"2037","S-102-T",0.156834764
"2038","S-102-V",0.278962566
"2039","S-102-W",0.328735254
"2040","S-102-Y",0.236252192
"2041","V-103-A",0.192437538
"2042","V-103-C",0.29358764
"2043","V-103-D",0.235666714
"2044","V-103-E",0.193034482
"2045","V-103-F",0.13948531
"2046","V-103-G",0.186437242
"2047","V-103-H",0.125565501
"2048","V-103-I",0.099883529
"2049","V-103-K",0.130069398
"2050","V-103-L",0.075333777
"2051","V-103-M",0.102485249
"2052","V-103-N",0.23122428
"2053","V-103-P",0.371171678
"2054","V-103-Q",0.077044889
"2055","V-103-R",0.168310369
"2056","V-103-S",0.248739211
"2057","V-103-T",0.199553868
"2058","V-103-V",NA
"2059","V-103-W",0.240654056
"2060","V-103-Y",0.170206488
"2061","I-104-A",0.256700643
"2062","I-104-C",0.855323858
"2063","I-104-D",0.800329954
"2064","I-104-E",0.795617393
"2065","I-104-F",0.363768426
"2066","I-104-G",0.728513577
"2067","I-104-H",0.801756685
"2068","I-104-I",NA
"2069","I-104-K",0.795033548
"2070","I-104-L",0.152173057
"2071","I-104-M",0.234408492
"2072","I-104-N",0.799201486
"2073","I-104-P",0.55393883
"2074","I-104-Q",0.800555669
"2075","I-104-R",0.798807991
"2076","I-104-S",0.522943346
"2077","I-104-T",0.515204114
"2078","I-104-V",0.131687135
"2079","I-104-W",0.759539183
"2080","I-104-Y",0.802688751
"2081","S-105-A",0.179508094
"2082","S-105-C",0.292169668
"2083","S-105-D",0.257194603
"2084","S-105-E",0.28578122
"2085","S-105-F",0.471740011
"2086","S-105-G",0.325120039
"2087","S-105-H",0.265976614
"2088","S-105-I",0.448442676
"2089","S-105-K",0.123541929
"2090","S-105-L",0.474366603
"2091","S-105-M",0.297135705
"2092","S-105-N",0.242227874
"2093","S-105-P",0.152933814
"2094","S-105-Q",0.150195559
"2095","S-105-R",0.220766294
"2096","S-105-S",NA
"2097","S-105-T",0.127285398
"2098","S-105-V",0.34065996
"2099","S-105-W",0.576587616
"2100","S-105-Y",0.428568029
"2101","L-106-A",0.89221876
"2102","L-106-C",0.801345838
"2103","L-106-D",0.894128882
"2104","L-106-E",0.893566298
"2105","L-106-F",0.340707495
"2106","L-106-G",0.892660068
"2107","L-106-H",0.890483724
"2108","L-106-I",0.320704227
"2109","L-106-K",0.895860634
"2110","L-106-L",NA
"2111","L-106-M",0.590228674
"2112","L-106-N",0.896306802
"2113","L-106-P",0.850370525
"2114","L-106-Q",0.929549565
"2115","L-106-R",0.890671361
"2116","L-106-S",0.892070315
"2117","L-106-T",0.714149648
"2118","L-106-V",0.331385465
"2119","L-106-W",0.893118655
"2120","L-106-Y",0.893381212
"2121","S-107-A",0.151088886
"2122","S-107-C",0.147777662
"2123","S-107-D",0.168000233
"2124","S-107-E",0.141937392
"2125","S-107-F",0.118654964
"2126","S-107-G",0.188648039
"2127","S-107-H",0.141624999
"2128","S-107-I",0.114660319
"2129","S-107-K",0.165377249
"2130","S-107-L",0.166969784
"2131","S-107-M",0.199898446
"2132","S-107-N",0.129653042
"2133","S-107-P",0.287688455
"2134","S-107-Q",0.158018123
"2135","S-107-R",0.171286871
"2136","S-107-S",NA
"2137","S-107-T",0.083105804
"2138","S-107-V",0.124140714
"2139","S-107-W",0.217176784
"2140","S-107-Y",0.130669907
"2141","G-108-A",0.528984173
"2142","G-108-C",0.802955948
"2143","G-108-D",0.406359515
"2144","G-108-E",0.709773165
"2145","G-108-F",0.878580377
"2146","G-108-G",NA
"2147","G-108-H",0.792568378
"2148","G-108-I",0.872492778
"2149","G-108-K",0.858989573
"2150","G-108-L",0.884156617
"2151","G-108-M",0.862496371
"2152","G-108-N",0.454861061
"2153","G-108-P",0.836836974
"2154","G-108-Q",0.784496358
"2155","G-108-R",0.764842321
"2156","G-108-S",0.377259755
"2157","G-108-T",0.749122187
"2158","G-108-V",0.884045784
"2159","G-108-W",0.886674683
"2160","G-108-Y",0.821384622
"2161","D-109-A",0.072382709
"2162","D-109-C",0.257966643
"2163","D-109-D",NA
"2164","D-109-E",0.062658488
"2165","D-109-F",0.203910538
"2166","D-109-G",0.170240649
"2167","D-109-H",0.154077256
"2168","D-109-I",0.133473073
"2169","D-109-K",0.093595533
"2170","D-109-L",0.145298189
"2171","D-109-M",0.166174163
"2172","D-109-N",0.131531517
"2173","D-109-P",0.049195971
"2174","D-109-Q",0.085464003
"2175","D-109-R",0.122331037
"2176","D-109-S",0.100684246
"2177","D-109-T",0.112871118
"2178","D-109-V",0.095575798
"2179","D-109-W",0.250869772
"2180","D-109-Y",0.211607216
"2181","H-110-A",0.254713069
"2182","H-110-C",0.248543614
"2183","H-110-D",0.163592539
"2184","H-110-E",0.209443866
"2185","H-110-F",0.181634784
"2186","H-110-G",0.332159415
"2187","H-110-H",NA
"2188","H-110-I",0.255023575
"2189","H-110-K",0.222904266
"2190","H-110-L",0.12483927
"2191","H-110-M",0.255398574
"2192","H-110-N",0.088127622
"2193","H-110-P",0.342045183
"2194","H-110-Q",0.153241344
"2195","H-110-R",0.158742211
"2196","H-110-S",0.245322528
"2197","H-110-T",0.16066545
"2198","H-110-V",0.321623744
"2199","H-110-W",0.292336509
"2200","H-110-Y",0.123139616
"2201","C-111-A",0.113283727
"2202","C-111-C",NA
"2203","C-111-D",0.093650871
"2204","C-111-E",0.139491378
"2205","C-111-F",0.193559278
"2206","C-111-G",0.086953934
"2207","C-111-H",0.214355543
"2208","C-111-I",0.246580606
"2209","C-111-K",0.165386757
"2210","C-111-L",0.206957708
"2211","C-111-M",0.256171781
"2212","C-111-N",0.053853181
"2213","C-111-P",0.2425647
"2214","C-111-Q",0.143841501
"2215","C-111-R",0.254643902
"2216","C-111-S",0.031835433
"2217","C-111-T",0.070919585
"2218","C-111-V",0.259534584
"2219","C-111-W",0.257085911
"2220","C-111-Y",0.127665376
"2221","I-112-A",0.326365396
"2222","I-112-C",0.719895138
"2223","I-112-D",0.846105025
"2224","I-112-E",0.848237745
"2225","I-112-F",0.833349896
"2226","I-112-G",0.844719709
"2227","I-112-H",0.848502893
"2228","I-112-I",NA
"2229","I-112-K",0.846680358
"2230","I-112-L",0.405206568
"2231","I-112-M",0.787339313
"2232","I-112-N",0.851166822
"2233","I-112-P",0.84680804
"2234","I-112-Q",0.85047405
"2235","I-112-R",0.845623186
"2236","I-112-S",0.712641956
"2237","I-112-T",0.786700178
"2238","I-112-V",0.113623163
"2239","I-112-W",0.84760925
"2240","I-112-Y",0.774547728
"2241","I-113-A",0.423756227
"2242","I-113-C",0.736626489
"2243","I-113-D",0.698019749
"2244","I-113-E",0.804898536
"2245","I-113-F",0.470440604
"2246","I-113-G",0.401638706
"2247","I-113-H",0.805647665
"2248","I-113-I",NA
"2249","I-113-K",0.67413184
"2250","I-113-L",0.139602674
"2251","I-113-M",0.322095186
"2252","I-113-N",0.826962154
"2253","I-113-P",0.812012475
"2254","I-113-Q",0.805226737
"2255","I-113-R",0.808122406
"2256","I-113-S",0.782780647
"2257","I-113-T",0.44181565
"2258","I-113-V",0.119591749
"2259","I-113-W",0.812784784
"2260","I-113-Y",0.722690907
"2261","G-114-A",0.789137369
"2262","G-114-C",0.912402333
"2263","G-114-D",0.876303877
"2264","G-114-E",0.751790762
"2265","G-114-F",0.900440213
"2266","G-114-G",NA
"2267","G-114-H",0.865141343
"2268","G-114-I",0.910104755
"2269","G-114-K",0.845991938
"2270","G-114-L",0.913971612
"2271","G-114-M",0.91090005
"2272","G-114-N",0.425073471
"2273","G-114-P",0.914027184
"2274","G-114-Q",0.870688219
"2275","G-114-R",0.917292145
"2276","G-114-S",0.674433695
"2277","G-114-T",0.871621916
"2278","G-114-V",0.912390147
"2279","G-114-W",0.910458721
"2280","G-114-Y",0.912580973
"2281","R-115-A",0.911939689
"2282","R-115-C",0.935217858
"2283","R-115-D",0.913861172
"2284","R-115-E",0.913601144
"2285","R-115-F",0.912702242
"2286","R-115-G",0.89935118
"2287","R-115-H",0.495997587
"2288","R-115-I",0.911552395
"2289","R-115-K",0.440970777
"2290","R-115-L",0.491822428
"2291","R-115-M",0.911200827
"2292","R-115-N",0.91281491
"2293","R-115-P",0.911315377
"2294","R-115-Q",0.907723224
"2295","R-115-R",NA
"2296","R-115-S",0.912644436
"2297","R-115-T",0.902482382
"2298","R-115-V",0.939913684
"2299","R-115-W",0.914710734
"2300","R-115-Y",0.912496854
"2301","T-116-A",0.109394432
"2302","T-116-C",0.294148983
"2303","T-116-D",0.729477652
"2304","T-116-E",0.73027069
"2305","T-116-F",0.731365958
"2306","T-116-G",0.210311467
"2307","T-116-H",0.721235143
"2308","T-116-I",0.580592687
"2309","T-116-K",0.729513624
"2310","T-116-L",0.737974673
"2311","T-116-M",0.354834204
"2312","T-116-N",0.746575489
"2313","T-116-P",0.485246262
"2314","T-116-Q",0.735860102
"2315","T-116-R",0.598933823
"2316","T-116-S",0.102210437
"2317","T-116-T",NA
"2318","T-116-V",0.515522568
"2319","T-116-W",0.727190584
"2320","T-116-Y",0.731108588
"2321","L-117-A",0.222278297
"2322","L-117-C",0.248417698
"2323","L-117-D",0.582203432
"2324","L-117-E",0.590234252
"2325","L-117-F",0.151198179
"2326","L-117-G",0.596530125
"2327","L-117-H",0.582403349
"2328","L-117-I",0.098923144
"2329","L-117-K",0.574049468
"2330","L-117-L",NA
"2331","L-117-M",0.106625796
"2332","L-117-N",0.580087169
"2333","L-117-P",0.575743365
"2334","L-117-Q",0.58867038
"2335","L-117-R",0.588121161
"2336","L-117-S",0.588437353
"2337","L-117-T",0.570413358
"2338","L-117-V",0.080986431
"2339","L-117-W",0.601212763
"2340","L-117-Y",0.575187917
"2341","V-118-A",0.371995277
"2342","V-118-C",0.857657234
"2343","V-118-D",0.715462023
"2344","V-118-E",0.802033496
"2345","V-118-F",0.872453254
"2346","V-118-G",0.660440335
"2347","V-118-H",0.873532509
"2348","V-118-I",0.232466619
"2349","V-118-K",0.80583696
"2350","V-118-L",0.467101159
"2351","V-118-M",0.335364922
"2352","V-118-N",0.812369424
"2353","V-118-P",0.870556809
"2354","V-118-Q",0.78070248
"2355","V-118-R",0.867640019
"2356","V-118-S",0.695549539
"2357","V-118-T",0.818343839
"2358","V-118-V",NA
"2359","V-118-W",0.870702141
"2360","V-118-Y",0.869075415
"2361","V-119-A",0.864725829
"2362","V-119-C",0.693039877
"2363","V-119-D",0.868836709
"2364","V-119-E",0.864634369
"2365","V-119-F",0.86450194
"2366","V-119-G",0.868819425
"2367","V-119-H",0.868583324
"2368","V-119-I",0.140756116
"2369","V-119-K",0.87085339
"2370","V-119-L",0.234213285
"2371","V-119-M",0.781581217
"2372","V-119-N",0.870150713
"2373","V-119-P",0.870188004
"2374","V-119-Q",0.867884558
"2375","V-119-R",0.868531315
"2376","V-119-S",0.867924204
"2377","V-119-T",0.771969544
"2378","V-119-V",NA
"2379","V-119-W",0.866236909
"2380","V-119-Y",0.865440181
"2381","H-120-A",0.747625937
"2382","H-120-C",0.795064212
"2383","H-120-D",0.657819373
"2384","H-120-E",0.854253099
"2385","H-120-F",0.848075769
"2386","H-120-G",0.891301868
"2387","H-120-H",NA
"2388","H-120-I",0.897861987
"2389","H-120-K",0.754008698
"2390","H-120-L",0.895894948
"2391","H-120-M",0.856935407
"2392","H-120-N",0.800984756
"2393","H-120-P",0.89590086
"2394","H-120-Q",0.844277128
"2395","H-120-R",0.819590834
"2396","H-120-S",0.474837854
"2397","H-120-T",0.371028972
"2398","H-120-V",0.896958614
"2399","H-120-W",0.897563524
"2400","H-120-Y",0.738043798
"2401","E-121-A",0.06942145
"2402","E-121-C",0.408995994
"2403","E-121-D",0.1810437
"2404","E-121-E",NA
"2405","E-121-F",0.529711987
"2406","E-121-G",0.186765321
"2407","E-121-H",0.353978869
"2408","E-121-I",0.312533788
"2409","E-121-K",0.211662996
"2410","E-121-L",0.285650652
"2411","E-121-M",0.321731658
"2412","E-121-N",0.28302919
"2413","E-121-P",0.518381772
"2414","E-121-Q",0.200656557
"2415","E-121-R",0.279609106
"2416","E-121-S",0.138325031
"2417","E-121-T",0.19283442
"2418","E-121-V",0.171160526
"2419","E-121-W",0.512721234
"2420","E-121-Y",0.393695859
"2421","K-122-A",0.197617447
"2422","K-122-C",0.408302449
"2423","K-122-D",0.062124006
"2424","K-122-E",0.183001431
"2425","K-122-F",0.272831569
"2426","K-122-G",0.075939186
"2427","K-122-H",0.232187484
"2428","K-122-I",0.37190596
"2429","K-122-K",NA
"2430","K-122-L",0.128578839
"2431","K-122-M",0.163100131
"2432","K-122-N",0.113075999
"2433","K-122-P",0.40943608
"2434","K-122-Q",0.15166349
"2435","K-122-R",0.178917968
"2436","K-122-S",0.194635777
"2437","K-122-T",0.278928287
"2438","K-122-V",0.313849243
"2439","K-122-W",0.357507423
"2440","K-122-Y",0.317279575
"2441","A-123-A",NA
"2442","A-123-C",0.243560916
"2443","A-123-D",0.169861531
"2444","A-123-E",0.056134212
"2445","A-123-F",0.221580632
"2446","A-123-G",0.199730298
"2447","A-123-H",0.209077275
"2448","A-123-I",0.103241761
"2449","A-123-K",0.091441253
"2450","A-123-L",0.268271177
"2451","A-123-M",0.153771479
"2452","A-123-N",0.218398812
"2453","A-123-P",0.060440955
"2454","A-123-Q",0.084263125
"2455","A-123-R",0.091722337
"2456","A-123-S",0.141682495
"2457","A-123-T",0.087296726
"2458","A-123-V",0.064769749
"2459","A-123-W",0.293649751
"2460","A-123-Y",0.233152096
"2461","D-124-A",0.93666098
"2462","D-124-C",0.937005793
"2463","D-124-D",NA
"2464","D-124-E",0.936778875
"2465","D-124-F",0.93681223
"2466","D-124-G",0.941790376
"2467","D-124-H",0.936158822
"2468","D-124-I",0.936350679
"2469","D-124-K",0.93685018
"2470","D-124-L",0.936664437
"2471","D-124-M",0.935782994
"2472","D-124-N",0.9268042
"2473","D-124-P",0.937167225
"2474","D-124-Q",0.936633282
"2475","D-124-R",0.937148996
"2476","D-124-S",0.937660377
"2477","D-124-T",0.935576547
"2478","D-124-V",0.928939941
"2479","D-124-W",0.937348814
"2480","D-124-Y",0.936636746
"2481","D-125-A",0.919975372
"2482","D-125-C",0.919661791
"2483","D-125-D",NA
"2484","D-125-E",0.882250194
"2485","D-125-F",0.917489829
"2486","D-125-G",0.917849876
"2487","D-125-H",0.919324703
"2488","D-125-I",0.918403208
"2489","D-125-K",0.77759129
"2490","D-125-L",0.9166667
"2491","D-125-M",0.91825787
"2492","D-125-N",0.718623021
"2493","D-125-P",0.920736215
"2494","D-125-Q",0.699121031
"2495","D-125-R",0.918037817
"2496","D-125-S",0.917706348
"2497","D-125-T",0.918526356
"2498","D-125-V",0.75665977
"2499","D-125-W",0.91719258
"2500","D-125-Y",0.917025617
"2501","L-126-A",0.812821829
"2502","L-126-C",0.503364574
"2503","L-126-D",0.868215519
"2504","L-126-E",0.696864407
"2505","L-126-F",0.232189069
"2506","L-126-G",0.809972406
"2507","L-126-H",0.553740752
"2508","L-126-I",0.797476226
"2509","L-126-K",0.8218803
"2510","L-126-L",NA
"2511","L-126-M",0.408784912
"2512","L-126-N",0.756687721
"2513","L-126-P",0.866056439
"2514","L-126-Q",0.825916209
"2515","L-126-R",0.868171263
"2516","L-126-S",0.868334051
"2517","L-126-T",0.870528976
"2518","L-126-V",0.786529694
"2519","L-126-W",0.870493376
"2520","L-126-Y",0.290218732
"2521","G-127-A",0.922382007
"2522","G-127-C",0.877285635
"2523","G-127-D",0.880966792
"2524","G-127-E",0.86261458
"2525","G-127-F",0.919633155
"2526","G-127-G",NA
"2527","G-127-H",0.887757197
"2528","G-127-I",0.891502728
"2529","G-127-K",0.693806993
"2530","G-127-L",0.920451865
"2531","G-127-M",0.895538075
"2532","G-127-N",0.886020063
"2533","G-127-P",0.920790473
"2534","G-127-Q",0.92273654
"2535","G-127-R",0.920189177
"2536","G-127-S",0.889514007
"2537","G-127-T",0.469999618
"2538","G-127-V",0.806964892
"2539","G-127-W",0.921947625
"2540","G-127-Y",0.918014165
"2541","K-128-A",0.302917059
"2542","K-128-C",0.40753067
"2543","K-128-D",0.446565646
"2544","K-128-E",0.333779113
"2545","K-128-F",0.607369607
"2546","K-128-G",0.487175853
"2547","K-128-H",0.323335251
"2548","K-128-I",0.420646527
"2549","K-128-K",NA
"2550","K-128-L",0.138089511
"2551","K-128-M",0.333132377
"2552","K-128-N",0.483270531
"2553","K-128-P",0.712975952
"2554","K-128-Q",0.177804984
"2555","K-128-R",0.12015609
"2556","K-128-S",0.613364041
"2557","K-128-T",0.28400149
"2558","K-128-V",0.278852516
"2559","K-128-W",0.710076169
"2560","K-128-Y",0.648643179
"2561","G-129-A",0.371212071
"2562","G-129-C",0.862827337
"2563","G-129-D",0.698376757
"2564","G-129-E",0.80128709
"2565","G-129-F",0.865629813
"2566","G-129-G",NA
"2567","G-129-H",0.865120184
"2568","G-129-I",0.862659496
"2569","G-129-K",0.675633823
"2570","G-129-L",0.773589769
"2571","G-129-M",0.859325848
"2572","G-129-N",0.488564572
"2573","G-129-P",0.86371396
"2574","G-129-Q",0.582120079
"2575","G-129-R",0.607171993
"2576","G-129-S",0.316103416
"2577","G-129-T",0.239681103
"2578","G-129-V",0.695886758
"2579","G-129-W",0.836715132
"2580","G-129-Y",0.860318464
"2581","G-130-A",0.315490999
"2582","G-130-C",0.465187942
"2583","G-130-D",0.209615701
"2584","G-130-E",0.27838564
"2585","G-130-F",0.724961921
"2586","G-130-G",NA
"2587","G-130-H",0.435149356
"2588","G-130-I",0.757033437
"2589","G-130-K",0.239169928
"2590","G-130-L",0.458241602
"2591","G-130-M",0.368452649
"2592","G-130-N",0.190484984
"2593","G-130-P",0.449798729
"2594","G-130-Q",0.267576379
"2595","G-130-R",0.285303288
"2596","G-130-S",0.248134547
"2597","G-130-T",0.274248158
"2598","G-130-V",0.534742284
"2599","G-130-W",0.766552797
"2600","G-130-Y",0.495823059
"2601","N-131-A",0.160565939
"2602","N-131-C",0.398575035
"2603","N-131-D",0.110932495
"2604","N-131-E",0.294622535
"2605","N-131-F",0.114665293
"2606","N-131-G",0.214710145
"2607","N-131-H",0.060708033
"2608","N-131-I",0.356638881
"2609","N-131-K",0.173487221
"2610","N-131-L",0.261458205
"2611","N-131-M",0.299338916
"2612","N-131-N",NA
"2613","N-131-P",0.481574561
"2614","N-131-Q",0.164039119
"2615","N-131-R",0.201954998
"2616","N-131-S",0.147650429
"2617","N-131-T",0.147598069
"2618","N-131-V",0.196155695
"2619","N-131-W",0.403240091
"2620","N-131-Y",0.198279281
"2621","E-132-A",0.1894145
"2622","E-132-C",0.6942882
"2623","E-132-D",0.151848899
"2624","E-132-E",NA
"2625","E-132-F",0.465147397
"2626","E-132-G",0.42837027
"2627","E-132-H",0.393262099
"2628","E-132-I",0.498740613
"2629","E-132-K",0.198596951
"2630","E-132-L",0.392693782
"2631","E-132-M",0.690903179
"2632","E-132-N",0.231631541
"2633","E-132-P",0.163434916
"2634","E-132-Q",0.243681756
"2635","E-132-R",0.443208132
"2636","E-132-S",0.237096399
"2637","E-132-T",0.247955849
"2638","E-132-V",0.315294583
"2639","E-132-W",0.712958849
"2640","E-132-Y",0.522519882
"2641","E-133-A",0.204812556
"2642","E-133-C",0.412000166
"2643","E-133-D",0.0936949
"2644","E-133-E",NA
"2645","E-133-F",0.226758112
"2646","E-133-G",0.189172104
"2647","E-133-H",0.440630598
"2648","E-133-I",0.422868608
"2649","E-133-K",0.24711815
"2650","E-133-L",0.070141583
"2651","E-133-M",0.295232934
"2652","E-133-N",0.238785043
"2653","E-133-P",0.425036104
"2654","E-133-Q",0.154643624
"2655","E-133-R",0.343637772
"2656","E-133-S",0.23850835
"2657","E-133-T",0.165190735
"2658","E-133-V",0.292544696
"2659","E-133-W",0.494862226
"2660","E-133-Y",0.321748262
"2661","S-134-A",0.915201688
"2662","S-134-C",0.877295752
"2663","S-134-D",0.917180543
"2664","S-134-E",0.917169376
"2665","S-134-F",0.851280696
"2666","S-134-G",0.913135863
"2667","S-134-H",0.917523994
"2668","S-134-I",0.916934181
"2669","S-134-K",0.812253031
"2670","S-134-L",0.918492868
"2671","S-134-M",0.922415834
"2672","S-134-N",0.916780248
"2673","S-134-P",0.918915559
"2674","S-134-Q",0.919001787
"2675","S-134-R",0.876264349
"2676","S-134-S",NA
"2677","S-134-T",0.555276944
"2678","S-134-V",0.915774831
"2679","S-134-W",0.916889274
"2680","S-134-Y",0.916706585
"2681","T-135-A",0.086939812
"2682","T-135-C",0.212751534
"2683","T-135-D",0.206200395
"2684","T-135-E",0.193469235
"2685","T-135-F",0.146581155
"2686","T-135-G",0.170788125
"2687","T-135-H",0.140211264
"2688","T-135-I",0.126512358
"2689","T-135-K",0.039906905
"2690","T-135-L",0.044968777
"2691","T-135-M",0.139752552
"2692","T-135-N",0.127195887
"2693","T-135-P",0.10433229
"2694","T-135-Q",0.118461831
"2695","T-135-R",0.091419171
"2696","T-135-S",0.08859215
"2697","T-135-T",NA
"2698","T-135-V",0.15875823
"2699","T-135-W",0.255971975
"2700","T-135-Y",0.247767314
"2701","K-136-A",0.205438152
"2702","K-136-C",0.493571858
"2703","K-136-D",0.42489803
"2704","K-136-E",0.203605843
"2705","K-136-F",0.524635003
"2706","K-136-G",0.509884705
"2707","K-136-H",0.506727574
"2708","K-136-I",0.142799929
"2709","K-136-K",NA
"2710","K-136-L",0.19545985
"2711","K-136-M",0.312720168
"2712","K-136-N",0.358702275
"2713","K-136-P",0.234853315
"2714","K-136-Q",0.248520412
"2715","K-136-R",0.18350807
"2716","K-136-S",0.122368276
"2717","K-136-T",0.069841693
"2718","K-136-V",0.1519664
"2719","K-136-W",0.499676205
"2720","K-136-Y",0.41726082
"2721","T-137-A",0.634316463
"2722","T-137-C",0.885439473
"2723","T-137-D",0.47004555
"2724","T-137-E",0.903042323
"2725","T-137-F",0.868813113
"2726","T-137-G",0.713258124
"2727","T-137-H",0.862082557
"2728","T-137-I",0.902024373
"2729","T-137-K",0.90519675
"2730","T-137-L",0.90360334
"2731","T-137-M",0.88672595
"2732","T-137-N",0.339039592
"2733","T-137-P",0.903537988
"2734","T-137-Q",0.861584926
"2735","T-137-R",0.903485474
"2736","T-137-S",0.302429075
"2737","T-137-T",NA
"2738","T-137-V",0.572900102
"2739","T-137-W",0.9067783
"2740","T-137-Y",0.902520418
"2741","G-138-A",0.90160092
"2742","G-138-C",0.929092299
"2743","G-138-D",0.886188128
"2744","G-138-E",0.930392348
"2745","G-138-F",0.931462967
"2746","G-138-G",NA
"2747","G-138-H",0.931133581
"2748","G-138-I",0.930116183
"2749","G-138-K",0.931382057
"2750","G-138-L",0.929807379
"2751","G-138-M",0.930881966
"2752","G-138-N",0.929502598
"2753","G-138-P",0.931412358
"2754","G-138-Q",0.926935306
"2755","G-138-R",0.909060512
"2756","G-138-S",0.931819388
"2757","G-138-T",0.931535499
"2758","G-138-V",0.930771641
"2759","G-138-W",0.932378519
"2760","G-138-Y",0.930555591
"2761","N-139-A",0.365174813
"2762","N-139-C",0.868009787
"2763","N-139-D",0.337047286
"2764","N-139-E",0.811170988
"2765","N-139-F",0.868069986
"2766","N-139-G",0.760589677
"2767","N-139-H",0.160787013
"2768","N-139-I",0.865542339
"2769","N-139-K",0.81695617
"2770","N-139-L",0.870338464
"2771","N-139-M",0.872142873
"2772","N-139-N",NA
"2773","N-139-P",0.874257742
"2774","N-139-Q",0.759724993
"2775","N-139-R",0.668695205
"2776","N-139-S",0.334704549
"2777","N-139-T",0.569963887
"2778","N-139-V",0.871722935
"2779","N-139-W",0.871143043
"2780","N-139-Y",0.867364696
"2781","A-140-A",NA
"2782","A-140-C",0.823427364
"2783","A-140-D",0.896883853
"2784","A-140-E",0.899251397
"2785","A-140-F",0.893366549
"2786","A-140-G",0.897131261
"2787","A-140-H",0.841573908
"2788","A-140-I",0.898897786
"2789","A-140-K",0.899069705
"2790","A-140-L",0.897815778
"2791","A-140-M",0.89833167
"2792","A-140-N",0.894470197
"2793","A-140-P",0.743087576
"2794","A-140-Q",0.891040428
"2795","A-140-R",0.892086418
"2796","A-140-S",0.199677074
"2797","A-140-T",0.586634082
"2798","A-140-V",0.679651321
"2799","A-140-W",0.897835423
"2800","A-140-Y",0.896827728
"2801","G-141-A",0.826218781
"2802","G-141-C",0.919326348
"2803","G-141-D",0.919019188
"2804","G-141-E",0.920492839
"2805","G-141-F",0.920310238
"2806","G-141-G",NA
"2807","G-141-H",0.865506677
"2808","G-141-I",0.907831079
"2809","G-141-K",0.86199893
"2810","G-141-L",0.918308319
"2811","G-141-M",0.921528429
"2812","G-141-N",0.882831472
"2813","G-141-P",0.919727114
"2814","G-141-Q",0.917814262
"2815","G-141-R",0.877800343
"2816","G-141-S",0.833326548
"2817","G-141-T",0.91739749
"2818","G-141-V",0.919231593
"2819","G-141-W",0.91876008
"2820","G-141-Y",0.919444703
"2821","S-142-A",0.054222473
"2822","S-142-C",0.346109968
"2823","S-142-D",0.106005051
"2824","S-142-E",0.135514915
"2825","S-142-F",0.339174306
"2826","S-142-G",0.052962868
"2827","S-142-H",0.275532681
"2828","S-142-I",0.28750353
"2829","S-142-K",0.130884304
"2830","S-142-L",0.176307416
"2831","S-142-M",0.289134162
"2832","S-142-N",0.180546843
"2833","S-142-P",0.086289313
"2834","S-142-Q",0.223406024
"2835","S-142-R",0.201156232
"2836","S-142-S",NA
"2837","S-142-T",0.131311297
"2838","S-142-V",0.361808068
"2839","S-142-W",0.343103161
"2840","S-142-Y",0.280334685
"2841","R-143-A",0.614978566
"2842","R-143-C",0.583464078
"2843","R-143-D",0.882555703
"2844","R-143-E",0.885784015
"2845","R-143-F",0.885227339
"2846","R-143-G",0.407699607
"2847","R-143-H",0.509833118
"2848","R-143-I",0.636035183
"2849","R-143-K",0.540241688
"2850","R-143-L",0.805322966
"2851","R-143-M",0.840886364
"2852","R-143-N",0.844436457
"2853","R-143-P",0.417414586
"2854","R-143-Q",0.879435225
"2855","R-143-R",NA
"2856","R-143-S",0.68849474
"2857","R-143-T",0.884356383
"2858","R-143-V",0.714353983
"2859","R-143-W",0.884851206
"2860","R-143-Y",0.884340212
"2861","L-144-A",0.172003567
"2862","L-144-C",0.626944591
"2863","L-144-D",0.422003643
"2864","L-144-E",0.365387842
"2865","L-144-F",0.279713962
"2866","L-144-G",0.547560207
"2867","L-144-H",0.556880993
"2868","L-144-I",0.153409736
"2869","L-144-K",0.338344982
"2870","L-144-L",NA
"2871","L-144-M",0.326526297
"2872","L-144-N",0.315367458
"2873","L-144-P",0.289827672
"2874","L-144-Q",0.274004253
"2875","L-144-R",0.493101555
"2876","L-144-S",0.205907282
"2877","L-144-T",0.462931294
"2878","L-144-V",0.112843395
"2879","L-144-W",0.251763486
"2880","L-144-Y",0.36250667
"2881","A-145-A",NA
"2882","A-145-C",0.397577132
"2883","A-145-D",0.629539223
"2884","A-145-E",0.850702953
"2885","A-145-F",0.762875499
"2886","A-145-G",0.179394279
"2887","A-145-H",0.838346788
"2888","A-145-I",0.845486529
"2889","A-145-K",0.847408488
"2890","A-145-L",0.634534175
"2891","A-145-M",0.863587021
"2892","A-145-N",0.843096917
"2893","A-145-P",0.855226302
"2894","A-145-Q",0.844140943
"2895","A-145-R",0.841794362
"2896","A-145-S",0.242576085
"2897","A-145-T",0.38476432
"2898","A-145-V",0.315679437
"2899","A-145-W",0.773057805
"2900","A-145-Y",0.844469482
"2901","C-146-A",0.67021435
"2902","C-146-C",NA
"2903","C-146-D",0.895279851
"2904","C-146-E",0.863178862
"2905","C-146-F",0.405937482
"2906","C-146-G",0.501083776
"2907","C-146-H",0.91023494
"2908","C-146-I",0.771972701
"2909","C-146-K",0.893069751
"2910","C-146-L",0.892969331
"2911","C-146-M",0.851886648
"2912","C-146-N",0.90265286
"2913","C-146-P",0.894180858
"2914","C-146-Q",0.895437019
"2915","C-146-R",0.894183272
"2916","C-146-S",0.779601344
"2917","C-146-T",0.858822811
"2918","C-146-V",0.780269057
"2919","C-146-W",0.443918172
"2920","C-146-Y",0.617612604
"2921","G-147-A",0.281588509
"2922","G-147-C",0.302955826
"2923","G-147-D",0.905437128
"2924","G-147-E",0.895413236
"2925","G-147-F",0.90633276
"2926","G-147-G",NA
"2927","G-147-H",0.90558927
"2928","G-147-I",0.910769339
"2929","G-147-K",0.906349227
"2930","G-147-L",0.908134607
"2931","G-147-M",0.906519941
"2932","G-147-N",0.905949596
"2933","G-147-P",0.904172778
"2934","G-147-Q",0.937332099
"2935","G-147-R",0.90613163
"2936","G-147-S",0.641187668
"2937","G-147-T",0.906807966
"2938","G-147-V",0.893943794
"2939","G-147-W",0.905785759
"2940","G-147-Y",0.905538252
"2941","V-148-A",0.398591048
"2942","V-148-C",0.840209048
"2943","V-148-D",0.759318744
"2944","V-148-E",0.420424367
"2945","V-148-F",0.820144584
"2946","V-148-G",0.767240368
"2947","V-148-H",0.839459323
"2948","V-148-I",0.154821294
"2949","V-148-K",0.485444538
"2950","V-148-L",0.34394822
"2951","V-148-M",0.637421312
"2952","V-148-N",0.716531438
"2953","V-148-P",0.498891384
"2954","V-148-Q",0.75757003
"2955","V-148-R",0.809344074
"2956","V-148-S",0.703398977
"2957","V-148-T",0.288877932
"2958","V-148-V",NA
"2959","V-148-W",0.835338273
"2960","V-148-Y",0.83728188
"2961","I-149-A",0.889655393
"2962","I-149-C",0.893066062
"2963","I-149-D",0.892506228
"2964","I-149-E",0.891542572
"2965","I-149-F",0.89200841
"2966","I-149-G",0.891011607
"2967","I-149-H",0.891527632
"2968","I-149-I",NA
"2969","I-149-K",0.893034259
"2970","I-149-L",0.413012294
"2971","I-149-M",0.856938903
"2972","I-149-N",0.889754579
"2973","I-149-P",0.890748083
"2974","I-149-Q",0.890174308
"2975","I-149-R",0.894038232
"2976","I-149-S",0.892249633
"2977","I-149-T",0.821500601
"2978","I-149-V",0.1745151
"2979","I-149-W",0.894837656
"2980","I-149-Y",0.855252937
"2981","G-150-A",0.230469352
"2982","G-150-C",0.850619948
"2983","G-150-D",0.789076638
"2984","G-150-E",0.345053796
"2985","G-150-F",0.588698099
"2986","G-150-G",NA
"2987","G-150-H",0.709599801
"2988","G-150-I",0.833054819
"2989","G-150-K",0.360316112
"2990","G-150-L",0.762354247
"2991","G-150-M",0.710283784
"2992","G-150-N",0.632214843
"2993","G-150-P",0.853096627
"2994","G-150-Q",0.468270454
"2995","G-150-R",0.413732446
"2996","G-150-S",0.470082267
"2997","G-150-T",0.397338943
"2998","G-150-V",0.33107838
"2999","G-150-W",0.878354023
"3000","G-150-Y",0.578948419
"3001","I-151-A",0.309935453
"3002","I-151-C",0.530365526
"3003","I-151-D",0.698918159
"3004","I-151-E",0.703638425
"3005","I-151-F",0.208966818
"3006","I-151-G",0.699152468
"3007","I-151-H",0.358699795
"3008","I-151-I",NA
"3009","I-151-K",0.71111682
"3010","I-151-L",0.118413812
"3011","I-151-M",0.245122323
"3012","I-151-N",0.466602279
"3013","I-151-P",0.704178593
"3014","I-151-Q",0.36957426
"3015","I-151-R",0.294301727
"3016","I-151-S",0.412719534
"3017","I-151-T",0.276475784
"3018","I-151-V",0.14825223
"3019","I-151-W",0.280186199
"3020","I-151-Y",0.238719077
"3021","A-152-A",NA
"3022","A-152-C",NA
"3023","A-152-D",NA
"3024","A-152-E",NA
"3025","A-152-F",NA
"3026","A-152-G",NA
"3027","A-152-H",NA
"3028","A-152-I",NA
"3029","A-152-K",NA
"3030","A-152-L",NA
"3031","A-152-M",NA
"3032","A-152-N",NA
"3033","A-152-P",NA
"3034","A-152-Q",NA
"3035","A-152-R",NA
"3036","A-152-S",NA
"3037","A-152-T",NA
"3038","A-152-V",NA
"3039","A-152-W",NA
"3040","A-152-Y",NA
"3041","Q-153-A",NA
"3042","Q-153-C",NA
"3043","Q-153-D",NA
"3044","Q-153-E",NA
"3045","Q-153-F",NA
"3046","Q-153-G",NA
"3047","Q-153-H",NA
"3048","Q-153-I",NA
"3049","Q-153-K",NA
"3050","Q-153-L",NA
"3051","Q-153-M",NA
"3052","Q-153-N",NA
"3053","Q-153-P",NA
"3054","Q-153-Q",NA
"3055","Q-153-R",NA
"3056","Q-153-S",NA
"3057","Q-153-T",NA
"3058","Q-153-V",NA
"3059","Q-153-W",NA
"3060","Q-153-Y",NA
