"resno_A","min_dist_to_B"
1,6.86003709902505
2,9.29361958550058
3,7.29784988883712
4,6.47741136566144
5,3.60571463097123
6,5.71239862054461
7,3.54833665257399
8,8.006730231499
9,7.29094465758725
10,8.30536441102978
11,7.6960387862848
12,11.5976977887855
13,13.9691970778567
14,12.4071368977698
15,8.14616799483045
16,7.46678217172565
17,4.34304881390942
18,6.72509130049548
19,5.31823288320472
20,8.9815311612219
21,11.7359041407128
22,13.5349856667822
23,15.6898256523137
24,16.1716162766744
25,14.2137104937451
26,16.3456363901807
27,17.6890701847214
28,18.0983461122833
29,14.1064890387367
30,13.4172987594374
31,13.1300210967081
32,9.51099011670184
33,10.0831511939473
34,10.138084878319
35,12.2718408562041
36,10.5389587246559
37,15.4069967871743
38,17.1780318430256
39,20.9832932115052
40,23.5676636517072
41,22.8876957337343
42,23.3318534411649
43,20.3890956150586
44,18.9220136877659
45,13.9364780701582
46,13.0030902865434
47,8.81361134836339
48,7.28625521101203
49,4.77818061609228
50,3.33981885736338
51,2.807277862984
52,3.59245403589246
53,3.56834891791708
54,3.73285239461728
55,5.84296714007532
56,6.58897571705952
57,8.68215163424367
58,7.39446955501204
59,5.53531832869619
60,6.73543628876408
61,5.7773327755981
62,6.27545544163928
63,10.6731396036968
64,6.84701518911708
65,10.8013379263867
66,10.2080165556292
67,13.4105434640062
68,14.8554608477825
69,16.8852795357376
70,18.4368736232584
71,17.8213930993062
72,20.4454839267746
73,21.3110426305237
74,20.4437024288655
75,22.7830932711079
76,21.7118336627748
77,21.0035800281761
78,21.2350926769817
79,16.0399364088515
80,14.7831515922688
81,11.3777125117486
82,12.4595440125231
83,14.9069961427512
84,15.0799941976116
85,19.5217373458409
86,20.4362588308134
87,16.8407534570161
88,19.9850795845301
89,20.2291439759571
90,21.4034354485442
91,23.0723732849484
92,19.0525906637391
93,17.1991181459981
94,15.3798938227804
95,14.5510577278767
96,14.5775434830427
97,13.9356169579965
98,16.0069040729305
99,16.74462176342
100,18.9383060752539
101,16.4442124165312
102,17.6117709785246
103,13.8287719628317
104,12.7091645673506
105,9.95635555813471
106,8.92110469616852
107,10.1825467344864
108,8.10056997994586
109,8.54493657085879
110,8.94174088195358
111,5.73962899497868
112,6.34994881869138
113,3.61202574741654
114,2.91798869086225
115,3.66600231860265
116,6.53360153361069
117,9.79205085771106
118,11.7289944155499
119,15.3728013712531
120,15.3968654602162
121,19.0268569658785
122,21.9135853068365
123,22.970407244975
124,20.4068695051446
125,23.1527415871209
126,23.469907243106
127,23.1924400398061
128,25.4451797399822
129,26.0781412297733
130,26.5899905415553
131,22.9215691871216
132,19.7752297078947
133,16.0609420333927
134,20.3840194515213
135,18.0557498044252
136,13.8267364913055
137,14.5811226248187
138,18.6996137393263
139,19.8175254257437
140,19.3123902456428
141,16.6026398202214
142,16.8433069793316
143,9.6728630715006
144,12.1888380906467
145,11.7759450576164
146,9.17500762942462
147,6.68804074449311
148,3.70252319371533
149,4.10831133192216
150,3.22829335717806
151,2.80245677932774
152,3.88128032999421
153,3.32778514931478
