"","chr","hg19_pos","grch38_pos","ref","alt","aaref","aaalt","REVEL","Ensembl_transcriptid","nt_ex","wt_aa","aa_pos","ID"
"1",21,33032086,31659773,"G","A","A","T",0.25,"ENST00000270142;ENST00000389995;ENST00000535823","G","A",2,"A2T"
"2",21,33032089,31659776,"A","G","T","A",0.243,"ENST00000270142;ENST00000389995;ENST00000535823","A","T",3,"T3A"
"3",21,33032089,31659776,"A","T","T","S",0.252,"ENST00000270142;ENST00000389995;ENST00000535823","A","T",3,"T3S"
"4",21,33032118,31659805,"C","A","D","E",0.248,"ENST00000270142;ENST00000535823","C","D",12,"D12E"
"5",21,33032118,31659805,"C","G","D","E",0.248,"ENST00000270142;ENST00000535823","C","D",12,"D12E"
"6",21,33032129,31659816,"A","G","Q","R",0.28,"ENST00000270142;ENST00000535823","A","Q",16,"Q16R"
"7",21,33032130,31659817,"G","C","Q","H",0.268,"ENST00000270142;ENST00000535823","G","Q",16,"Q16H"
"8",21,33032130,31659817,"G","T","Q","H",0.268,"ENST00000270142;ENST00000535823","G","Q",16,"Q16H"
"9",21,33032140,31659827,"A","C","N","H",0.277,"ENST00000270142;ENST00000535823","A","N",20,"N20H"
"10",21,33032140,31659827,"A","G","N","D",0.257,"ENST00000270142;ENST00000535823","A","N",20,"N20D"
"11",21,33036104,31663791,"A","C","E","A",0.262,"ENST00000270142;ENST00000389995;ENST00000535823","A","E",25,"E25A"
"12",21,33036104,31663791,"A","G","E","G",0.279,"ENST00000270142;ENST00000389995;ENST00000535823","A","E",25,"E25G"
"13",21,33036105,31663792,"A","C","E","D",0.237,"ENST00000270142;ENST00000389995;ENST00000535823","A","E",25,"E25D"
"14",21,33036105,31663792,"A","T","E","D",0.237,"ENST00000270142;ENST00000389995;ENST00000535823","A","E",25,"E25D"
"15",21,33036106,31663793,"A","C","S","R",0.237,"ENST00000270142;ENST00000389995;ENST00000535823","A","S",26,"S26R"
"16",21,33036106,31663793,"A","G","S","G",0.261,"ENST00000270142;ENST00000389995;ENST00000535823","A","S",26,"S26G"
"17",21,33036106,31663793,"A","T","S","C",0.283,"ENST00000270142;ENST00000389995;ENST00000535823","A","S",26,"S26C"
"18",21,33036107,31663794,"G","A","S","N",0.225,"ENST00000270142;ENST00000389995;ENST00000535823","G","S",26,"S26N"
"19",21,33036107,31663794,"G","C","S","T",0.196,"ENST00000270142;ENST00000389995;ENST00000535823","G","S",26,"S26T"
"20",21,33036107,31663794,"G","T","S","I",0.233,"ENST00000270142;ENST00000389995;ENST00000535823","G","S",26,"S26I"
"21",21,33036108,31663795,"T","A","S","R",0.248,"ENST00000270142;ENST00000389995;ENST00000535823","T","S",26,"S26R"
"22",21,33036108,31663795,"T","G","S","R",0.248,"ENST00000270142;ENST00000389995;ENST00000535823","T","S",26,"S26R"
"23",21,33036113,31663800,"G","A","G","E",0.28,"ENST00000270142;ENST00000389995;ENST00000535823","G","G",28,"G28E"
"24",21,33036121,31663808,"A","C","K","Q",0.241,"ENST00000270142;ENST00000389995","A","K",31,"K31Q"
"25",21,33036121,31663808,"A","G","K","E",0.207,"ENST00000270142;ENST00000389995","A","K",31,"K31E"
"26",21,33036122,31663809,"A","G","K","R",0.171,"ENST00000270142;ENST00000389995","A","K",31,"K31R"
"27",21,33036127,31663814,"T","A","W","R",0.242,"ENST00000270142;ENST00000389995","T","W",33,"W33R"
"28",21,33036127,31663814,"T","C","W","R",0.242,"ENST00000270142;ENST00000389995","T","W",33,"W33R"
"29",21,33036127,31663814,"T","G","W","G",0.27,"ENST00000270142;ENST00000389995","T","W",33,"W33G"
"30",21,33036128,31663815,"G","C","W","S",0.281,"ENST00000270142;ENST00000389995","G","W",33,"W33S"
"31",21,33036129,31663816,"G","C","W","C",0.278,"ENST00000270142;ENST00000389995","G","W",33,"W33C"
"32",21,33036129,31663816,"G","T","W","C",0.277,"ENST00000270142;ENST00000389995","G","W",33,"W33C"
"33",21,33036133,31663820,"A","C","S","R",0.247,"ENST00000270142;ENST00000389995","A","S",35,"S35R"
"34",21,33036134,31663821,"G","A","S","N",0.191,"ENST00000270142;ENST00000389995","G","S",35,"S35N"
"35",21,33036134,31663821,"G","C","S","T",0.216,"ENST00000270142;ENST00000389995","G","S",35,"S35T"
"36",21,33036134,31663821,"G","T","S","I",0.241,"ENST00000270142;ENST00000389995","G","S",35,"S35I"
"37",21,33036139,31663826,"A","C","K","Q",0.195,"ENST00000270142;ENST00000389995","A","K",37,"K37Q"
"38",21,33036139,31663826,"A","G","K","E",0.182,"ENST00000270142;ENST00000389995","A","K",37,"K37E"
"39",21,33036141,31663828,"A","C","K","N",0.178,"ENST00000270142;ENST00000389995","A","K",37,"K37N"
"40",21,33036141,31663828,"A","T","K","N",0.178,"ENST00000270142;ENST00000389995","A","K",37,"K37N"
"41",21,33036148,31663835,"A","G","T","A",0.287,"ENST00000270142;ENST00000389995","A","T",40,"T40A"
"42",21,33039607,31667294,"A","C","K","N",0.289,"ENST00000270142;ENST00000389995","A","K",92,"K92N"
"43",21,33039607,31667294,"A","T","K","N",0.289,"ENST00000270142;ENST00000389995","A","K",92,"K92N"
"44",21,33039626,31667313,"T","G","S","A",0.284,"ENST00000270142;ENST00000389995","T","S",99,"S99A"
"45",21,33039638,31667325,"T","G","S","A",0.245,"ENST00000270142;ENST00000389995","T","S",103,"S103A"
"46",21,33039653,31667340,"T","A","S","T",0.278,"ENST00000270142;ENST00000389995","T","S",108,"S108T"
"47",21,33039654,31667341,"C","T","S","L",0.277,"ENST00000270142;ENST00000389995","C","S",108,"S108L"
"48",21,33039659,31667346,"G","A","D","N",0.29,"ENST00000270142;ENST00000389995","G","D",110,"D110N"
"49",21,33039660,31667347,"A","C","D","A",0.228,"ENST00000270142;ENST00000389995","A","D",110,"D110A"
"50",21,33039660,31667347,"A","T","D","V",0.28,"ENST00000270142;ENST00000389995","A","D",110,"D110V"
"51",21,33039661,31667348,"C","A","D","E",0.239,"ENST00000270142;ENST00000389995","C","D",110,"D110E"
"52",21,33039661,31667348,"C","G","D","E",0.239,"ENST00000270142;ENST00000389995","C","D",110,"D110E"
"53",21,33039662,31667349,"C","A","H","N",0.187,"ENST00000270142;ENST00000389995","C","H",111,"H111N"
"54",21,33039662,31667349,"C","G","H","D",0.233,"ENST00000270142;ENST00000389995","C","H",111,"H111D"
"55",21,33039662,31667349,"C","T","H","Y",0.185,"ENST00000270142;ENST00000389995","C","H",111,"H111Y"
