Pos;rSASA monomer;rSASA dimer
1    ; 56;56
2    ; 36; 36
3    ; 40; 40
4    ;  3;  3
5    ; 33;  3
6    ;  1;  1
7    ; 53; 21
8    ;  0;  0
9    ; 52; 52
10   ; 50; 50
11   ; 98; 98
12   ; 72; 72
13   ; 70; 70
14   ;  6;  6
15   ; 38; 38
16   ; 12; 12
17   ; 50; 34
18   ;  0;  0
19   ; 29; 28
20   ;  1;  1
21   ; 29; 29
22   ;  3;  3
23   ; 69; 69
24   ; 74; 74
25   ; 88; 88
26   ; 89; 89
27   ; 11; 11
28   ; 38; 38
29   ;  0;  0
30   ; 44; 44
31   ;  1;  1
32   ; 40; 40
33   ; 30; 30
34   ; 35; 35
35   ;  0;  0
36   ; 58; 58
37   ; 42; 42
38   ;  8;  8
39   ; 70; 70
40   ; 54; 54
41   ; 29; 29
42   ; 48; 48
43   ;  1;  1
44   ;  0;  0
45   ;  0;  0
46   ;  0;  0
47   ;  0;  0
48   ;  1;  1
49   ; 42; 41
50   ; 56; 14
51   ; 37;  3
52   ; 43; 19
53   ; 40; 22
54   ; 82; 47
55   ; 71; 71
56   ; 33; 33
57   ; 14; 14
58   ; 72; 72
59   ; 23; 23
60   ;  0;  0
61   ; 22; 22
62   ; 58; 58
63   ;  8;  8
64   ;  3;  3
65   ; 31; 31
66   ; 37; 37
67   ; 58; 58
68   ; 74; 74
69   ; 30; 30
70   ; 56; 56
71   ;  4;  4
72   ;  1;  1
73   ;  2;  2
74   ; 25; 25
75   ; 87; 87
76   ; 39; 39
77   ; 79; 79
78   ; 46; 46
79   ;  5;  5
80   ;  6;  6
81   ;  2;  2
82   ;  0;  0
83   ;  0;  0
84   ;  3;  3
85   ;  5;  5
86   ; 24; 24
87   ;  4;  4
88   ; 53; 53
89   ;  4;  4
90   ; 53; 53
91   ; 80; 80
92   ; 69; 69
93   ;  6;  6
94   ; 24; 24
95   ;  0;  0
96   ; 75; 75
97   ;  5;  5
98   ; 89; 89
99   ; 27; 27
100  ; 54; 54
101  ;  1;  1
102  ; 71; 71
103  ; 31; 31
104  ;  1;  1
105  ;  8;  8
106  ;  2;  2
107  ; 47; 47
108  ; 78; 78
109  ; 72; 72
110  ; 27; 27
111  ; 19; 19
112  ;  0;  0
113  ; 24;  9
114  ; 50;  0
115  ; 27; 17
116  ;  0;  0
117  ;  0;  0
118  ;  0;  0
119  ;  0;  0
120  ;  4;  4
121  ; 47; 47
122  ; 61; 61
123  ; 42; 42
124  ;  4;  4
125  ; 29; 29
126  ; 33; 33
127  ; 31; 31
128  ; 82; 82
129  ; 54; 54
130  ; 92; 92
131  ; 51; 51
132  ; 74; 74
133  ; 51; 51
134  ;  1;  1
135  ; 32; 32
136  ; 66; 66
137  ; 33; 33
138  ;  0;  0
139  ; 33; 33
140  ;  1;  1
141  ; 51; 51
142  ; 47; 47
143  ; 33; 33
144  ; 27; 27
145  ;  0;  0
146  ;  6;  6
147  ;  5;  5
148  ; 43; 13
149  ;  2;  0
150  ; 32;  0
151  ; 71; 17
152  ; 35; 20
153  ; 89; 68
