Pocket;Pos
3;48
3;62
3;63
3;120
3;136
3;137
3;140
3;141
3;143
4;21
4;22
4;23
4;24
4;27
4;28
4;30
5;26
5;105
5;107
5;108
5;109
5;110
6;65
6;66
6;67
6;69
6;77
6;79
6;80
6;81
6;103
7;30
7;31
7;32
7;98
7;99
7;100
10;1
10;2
10;22
10;24
10;25
10;26
10;105
10;107
11;7
11;8
11;9
11;15
11;16
11;17
11;36
15;49
15;64
15;65
15;66
16;12
16;13
16;14
16;144
18;26
18;27
18;102
19;52
19;53
19;57
19;60
19;116
19;146
20;53
20;116
20;146
20;147
20;148
24;74
24;75
24;99
24;100
24;101
26;10
26;12
26;14
26;144
28;72
28;83
28;85
28;124
