Variante;cDNA (NM_000454.5);Penetrancia;Progresión;Supervivencia estimada;Referencias/URLs
H46R;c.140A>G;Alta;Lenta;>10 años;https://www.ncbi.nlm.nih.gov/clinvar/RCV000015886/
N86S;c.257A>G;Alta;Lenta;>10 años;https://www.neurology.org/doi/pdf/10.1212/NXG.0000000000200196
N65S;c.197A>G;Alta;Lenta;>11 años;https://neurologyopen.bmj.com/content/5/Suppl_1/A17.2
G37R;c.112G>A;Alta;Lenta;>10 años;https://onlinelibrary.wiley.com/doi/10.1111/ene.15661
E21G;;Alta;Lenta;>10 años;https://onlinelibrary.wiley.com/doi/10.1111/ene.15661
D90A;c.272A>C;Variable;Lenta;>10 años;https://www.ncbi.nlm.nih.gov/clinvar/variation/14766/
I151T;c.455T>C;Alta;Lenta;>10 años;"ClinVar; Wiesenfarth 2024; Benatar 2025"
I149T;c.449T>C;Alta;Lenta;>10 años;"ClinVar; Wiesenfarth 2024; Benatar 2025"
A4V;c.14C>T;Alta;Rápida;<3 años;https://www.ncbi.nlm.nih.gov/clinvar/variation/14764/
A4T;c.13G>A;Alta;Rápida;<3 años;https://clinvarminer.genetics.utah.edu
C6F;c.17G>T;Alta;Rápida;<3 años;https://clinvarminer.genetics.utah.edu
C6G;c.19T>G;Alta;Rápida;<3 años;https://www.neurology.org/doi/pdf/10.1212/NXG.0000000000200196
L38V;c.115C>G;Alta;Rápida;<3 años;https://link.springer.com/article/10.1007/s00415-023-11963-0
G41S;c.121G>A;Alta;Rápida;<3 años;https://clinvarminer.genetics.utah.edu
G42S;c.124G>A;Alta;Rápida;<3 años;https://link.springer.com/article/10.1007/s00415-023-11963-0
G73S;c.217G>A;Alta;Rápida;<3 años;https://link.springer.com/article/10.1007/s00415-023-11963-0
D90N;c.271G>A;Alta;Rápida;<3 años;https://link.springer.com/article/10.1007/s00415-023-11963-0
G85R;c.253G>C;Alta;Rápida;<3 años;https://clinvarminer.genetics.utah.edu
G85S;c.253G>A;Alta;Rápida;<3 años;https://clinvarminer.genetics.utah.edu
G93A;c.278G>C;Alta;Rápida;<3 años;https://clinvarminer.genetics.utah.edu
H43R;c.128A>G;Alta;Rápida;<3 años;https://neurologyopen.bmj.com/content/5/Suppl_1/A17.2
L84V;c.250C>G;Alta;Rápida;<3 años;https://www.neurology.org/doi/pdf/10.1212/NXG.0000000000200196
D101G;;Alta;Rápida;<3 años;"ClinVar RCV003518824; Ayers 2014 J Neurochem"
D101N;c.304G>A (p.Asp102Asn);Alta;Rápida;<3 años;Ayers 2014 J Neurochem
C146R;c.436T>C;Alta;Rápida;<3 años;https://www.neurology.org/doi/pdf/10.1212/NXG.0000000000200196
V148A;c.446T>C;Alta;Rápida;<3 años;https://www.neurology.org/doi/pdfdirect/10.1212/NXG.0000000000200217
L106F;c.316C>T;Alta;Rápida;<3 años;https://clinvarminer.genetics.utah.edu
L106V;c.316C>G;Alta;Rápida;<3 años;https://clinvarminer.genetics.utah.edu
L38V;c.112C>G;Alta;Rápida;<3 años;https://clinvarminer.genetics.utah.edu
R115G;c.343C>G;Alta;Rápida;<3 años;https://clinvarminer.genetics.utah.edu
R116G;c.346C>G (p.Arg116Gly);Alta;Rápida;<3 años;"J Neurol 2024 Wiesenfarth et al.; ClinVar RCV002290508"
V148G;c.443T>G;Alta;Rápida;<3 años;https://clinvarminer.genetics.utah.edu
L105V;c.319C>G;Alta;Rápida;<3 años;"ClinVar; Wiesenfarth 2024; Benatar 2025"
V13G;c.44T>G;Alta;Rápida;<3 años;"ClinVar; Wiesenfarth 2024; Benatar 2025"
V118L;;Baja;Lenta;>10 años;https://onlinelibrary.wiley.com/doi/10.1111/ene.15661
