hgvs_pro;ID;Clinvar classification;Clinvar stars;Information;DMS_classification
p.Thr3Met;T2M;VUS;1;;
p.Leu9Val;L8V;VUS;2;;
p.Pro14Ser;P13S;VUS;1;;
p.Lys31Asn;K30N;VUS;1;;
p.Ser35Thr;S34T;VUS;1;;
p.Val48Ile;V47I;VUS;2;;
p.Glu50Lys;E49K;VUS;1;;
p.Thr55Arg;T54R;VUS;1;;
p.Arg70Gly;R69G;VUS;2;;
p.Ala96Val;A95V;VUS;1;;
p.Ser103Thr;S102T;VUS;1;;
p.His111Tyr;H110Y;VUS;1;;
p.His121Glu;H120Q;VUS;1;;
p.His121Leu;H120L;VUS;1;;
p.Gly130Ser;G129S;VUS;1;;
p.Gly130Arg;G129R;VUS;2;;
p.Glu134Val;E133V;VUS;1;;
p.Ala141Pro;A140P;VUS;1;;
p.Ala141Gly;A140G;VUS;2;;
p.Ile150Val;I149V;VUS;1;;
p.Ala153Thr;A152T;VUS;2;;
