variant,score,pos
M1K,-11.335,1
M1R,-12.422,1
M1H,-12.477,1
M1E,-11.588,1
M1D,-12.112,1
M1N,-11.8,1
M1Q,-11.569,1
M1T,-10.513,1
M1S,-9.691,1
M1C,-11.806,1
M1G,-10.399,1
M1A,-9.938,1
M1V,-9.808,1
M1L,-10.651,1
M1I,-11.483,1
M1M,0.0,1
M1P,-10.919,1
M1Y,-12.721,1
M1F,-11.563,1
M1W,-15.222,1
A2K,-8.527,2
A2R,-9.864,2
A2H,-10.357,2
A2E,-8.226,2
A2D,-9.19,2
A2N,-8.367,2
A2Q,-9.09,2
A2T,-3.879,2
A2S,-3.227,2
A2C,-6.712,2
A2G,-5.219,2
A2A,0.0,2
A2V,-3.141,2
A2L,-8.118,2
A2I,-8.728,2
A2M,-7.132,2
A2P,-4.135,2
A2Y,-10.746,2
A2F,-10.15,2
A2W,-12.367,2
T3K,-4.97,3
T3R,-6.692,3
T3H,-6.378,3
T3E,-6.201,3
T3D,-7.836,3
T3N,-5.511,3
T3Q,-3.491,3
T3T,0.0,3
T3S,-3.802,3
T3C,-6.118,3
T3G,-5.481,3
T3A,-2.653,3
T3V,-1.406,3
T3L,-2.12,3
T3I,-3.442,3
T3M,-3.336,3
T3P,-5.956,3
T3Y,-5.747,3
T3F,-4.597,3
T3W,-9.034,3
K4K,0.0,4
K4R,-5.219,4
K4H,-8.077,4
K4E,-10.814,4
K4D,-12.726,4
K4N,-8.109,4
K4Q,-7.336,4
K4T,-6.898,4
K4S,-6.914,4
K4C,-10.785,4
K4G,-10.04,4
K4A,-8.592,4
K4V,-9.489,4
K4L,-10.23,4
K4I,-10.672,4
K4M,-9.769,4
K4P,-10.574,4
K4Y,-10.24,4
K4F,-11.182,4
K4W,-13.205,4
A5K,-14.907,5
A5R,-15.442,5
A5H,-15.649,5
A5E,-15.397,5
A5D,-16.524,5
A5N,-15.308,5
A5Q,-14.672,5
A5T,-9.703,5
A5S,-8.515,5
A5C,-9.041,5
A5G,-9.485,5
A5A,0.0,5
A5V,-8.0,5
A5L,-11.805,5
A5I,-10.928,5
A5M,-13.319,5
A5P,-14.236,5
A5Y,-13.975,5
A5F,-12.98,5
A5W,-17.075,5
V6K,-10.989,6
V6R,-11.827,6
V6H,-9.881,6
V6E,-11.678,6
V6D,-13.908,6
V6N,-11.299,6
V6Q,-9.925,6
V6T,-8.596,6
V6S,-9.636,6
V6C,-10.357,6
V6G,-12.766,6
V6A,-7.9,6
V6V,0.0,6
V6L,-7.737,6
V6I,-5.742,6
V6M,-9.87,6
V6P,-15.274,6
V6Y,-9.444,6
V6F,-8.727,6
V6W,-13.001,6
C7K,-16.629,7
C7R,-17.023,7
C7H,-15.448,7
C7E,-14.485,7
C7D,-15.043,7
C7N,-13.065,7
C7Q,-14.227,7
C7T,-8.353,7
C7S,-7.787,7
C7C,0.0,7
C7G,-9.782,7
C7A,-3.794,7
C7V,-5.965,7
C7L,-10.396,7
C7I,-8.804,7
C7M,-12.393,7
C7P,-13.578,7
C7Y,-13.897,7
C7F,-11.441,7
C7W,-16.353,7
V8K,-11.817,8
V8R,-11.907,8
V8H,-10.922,8
V8E,-11.334,8
V8D,-13.515,8
V8N,-11.532,8
V8Q,-10.659,8
V8T,-8.977,8
V8S,-9.08,8
V8C,-7.432,8
V8G,-11.536,8
V8A,-7.345,8
V8V,0.0,8
V8L,-7.963,8
V8I,-6.222,8
V8M,-10.18,8
V8P,-16.09,8
V8Y,-9.381,8
V8F,-9.417,8
V8W,-12.022,8
L9K,-14.838,9
L9R,-15.269,9
L9H,-15.269,9
L9E,-15.097,9
L9D,-16.334,9
L9N,-14.432,9
L9Q,-13.017,9
L9T,-11.174,9
L9S,-11.066,9
L9C,-8.529,9
L9G,-11.767,9
L9A,-9.521,9
L9V,-7.083,9
L9L,0.0,9
L9I,-5.93,9
L9M,-5.91,9
L9P,-14.246,9
L9Y,-12.819,9
L9F,-8.031,9
L9W,-13.761,9
K10K,0.0,10
K10R,-5.497,10
K10H,-7.667,10
K10E,-10.578,10
K10D,-11.399,10
K10N,-6.447,10
K10Q,-6.544,10
K10T,-6.244,10
K10S,-6.705,10
K10C,-10.415,10
K10G,-9.501,10
K10A,-8.061,10
K10V,-7.991,10
K10L,-8.943,10
K10I,-8.619,10
K10M,-9.557,10
K10P,-10.945,10
K10Y,-9.317,10
K10F,-10.281,10
K10W,-12.014,10
G11K,-8.966,11
G11R,-11.336,11
G11H,-12.187,11
G11E,-10.538,11
G11D,-10.2,11
G11N,-7.806,11
G11Q,-10.05,11
G11T,-9.256,11
G11S,-6.963,11
G11C,-12.131,11
G11G,0.0,11
G11A,-7.166,11
G11V,-11.11,11
G11L,-12.156,11
G11I,-12.024,11
G11M,-13.12,11
G11P,-8.869,11
G11Y,-13.681,11
G11F,-13.371,11
G11W,-15.121,11
D12K,-6.257,12
D12R,-9.752,12
D12H,-8.807,12
D12E,-5.825,12
D12D,0.0,12
D12N,-3.487,12
D12Q,-6.261,12
D12T,-3.918,12
D12S,-3.769,12
D12C,-10.014,12
D12G,-6.231,12
D12A,-5.325,12
D12V,-7.535,12
D12L,-8.952,12
D12I,-9.16,12
D12M,-10.095,12
D12P,-6.677,12
D12Y,-11.059,12
D12F,-10.676,12
D12W,-13.658,12
G13K,-7.806,13
G13R,-11.18,13
G13H,-10.187,13
G13E,-10.025,13
G13D,-10.241,13
G13N,-7.787,13
G13Q,-9.211,13
G13T,-6.868,13
G13S,-3.933,13
G13C,-9.867,13
G13G,0.0,13
G13A,-6.847,13
G13V,-10.625,13
G13L,-10.781,13
G13I,-12.291,13
G13M,-12.462,13
G13P,-9.052,13
G13Y,-11.503,13
G13F,-11.979,13
G13W,-14.464,13
P14K,-3.993,14
P14R,-8.073,14
P14H,-7.209,14
P14E,-5.589,14
P14D,-4.543,14
P14N,-3.737,14
P14Q,-5.531,14
P14T,-4.433,14
P14S,-3.564,14
P14C,-9.382,14
P14G,-4.375,14
P14A,-4.235,14
P14V,-6.911,14
P14L,-8.106,14
P14I,-8.729,14
P14M,-10.224,14
P14P,0.0,14
P14Y,-9.776,14
P14F,-9.705,14
P14W,-13.337,14
V15K,-10.338,15
V15R,-12.511,15
V15H,-12.094,15
V15E,-12.305,15
V15D,-13.723,15
V15N,-11.289,15
V15Q,-9.287,15
V15T,-8.025,15
V15S,-9.159,15
V15C,-8.835,15
V15G,-11.054,15
V15A,-7.607,15
V15V,0.0,15
V15L,-7.853,15
V15I,-5.488,15
V15M,-10.513,15
V15P,-11.066,15
V15Y,-12.09,15
V15F,-10.102,15
V15W,-15.127,15
Q16K,-2.885,16
Q16R,-5.663,16
Q16H,-6.349,16
Q16E,-4.526,16
Q16D,-6.815,16
Q16N,-5.201,16
Q16Q,0.0,16
Q16T,-3.03,16
Q16S,-3.401,16
Q16C,-7.645,16
Q16G,-7.302,16
Q16A,-5.188,16
Q16V,-5.82,16
Q16L,-6.554,16
Q16I,-6.831,16
Q16M,-7.236,16
Q16P,-9.426,16
Q16Y,-7.661,16
Q16F,-8.236,16
Q16W,-10.538,16
G17K,-15.406,17
G17R,-13.241,17
G17H,-16.84,17
G17E,-12.967,17
G17D,-11.363,17
G17N,-14.436,17
G17Q,-14.897,17
G17T,-13.968,17
G17S,-11.07,17
G17C,-12.005,17
G17G,0.0,17
G17A,-10.782,17
G17V,-13.464,17
G17L,-16.389,17
G17I,-16.114,17
G17M,-17.913,17
G17P,-16.473,17
G17Y,-17.291,17
G17F,-17.154,17
G17W,-16.238,17
I18K,-7.506,18
I18R,-9.084,18
I18H,-7.971,18
I18E,-4.206,18
I18D,-6.988,18
I18N,-6.958,18
I18Q,-5.516,18
I18T,-2.18,18
I18S,-4.927,18
I18C,-7.239,18
I18G,-9.518,18
I18A,-6.325,18
I18V,-2.92,18
I18L,-5.515,18
I18I,0.0,18
I18M,-6.657,18
I18P,-11.042,18
I18Y,-7.645,18
I18F,-6.92,18
I18W,-9.618,18
I19K,-14.098,19
I19R,-15.266,19
I19H,-15.78,19
I19E,-14.308,19
I19D,-14.86,19
I19N,-14.625,19
I19Q,-15.357,19
I19T,-11.424,19
I19S,-13.654,19
I19C,-11.207,19
I19G,-14.271,19
I19A,-11.049,19
I19V,-2.908,19
I19L,-5.111,19
I19I,0.0,19
I19M,-8.524,19
I19P,-14.036,19
I19Y,-13.797,19
I19F,-8.831,19
I19W,-14.324,19
N20K,-4.529,20
N20R,-3.416,20
N20H,-1.531,20
N20E,-1.706,20
N20D,-3.376,20
N20N,0.0,20
N20Q,-2.537,20
N20T,-2.166,20
N20S,-2.641,20
N20C,-4.846,20
N20G,-6.869,20
N20A,-4.775,20
N20V,-4.592,20
N20L,-3.673,20
N20I,-4.299,20
N20M,-5.446,20
N20P,-10.98,20
N20Y,-0.664,20
N20F,-2.114,20
N20W,-5.235,20
F21K,-16.016,21
F21R,-16.285,21
F21H,-16.224,21
F21E,-16.025,21
F21D,-16.967,21
F21N,-16.212,21
F21Q,-16.041,21
F21T,-14.783,21
F21S,-14.376,21
F21C,-12.603,21
F21G,-15.046,21
F21A,-13.714,21
F21V,-9.991,21
F21L,-5.801,21
F21I,-8.444,21
F21M,-8.64,21
F21P,-15.427,21
F21Y,-12.251,21
F21F,0.0,21
F21W,-9.973,21
E22K,-9.939,22
E22R,-11.242,22
E22H,-9.003,22
E22E,0.0,22
E22D,-5.919,22
E22N,-8.187,22
E22Q,-6.732,22
E22T,-6.027,22
E22S,-6.774,22
E22C,-9.82,22
E22G,-10.057,22
E22A,-7.806,22
E22V,-6.719,22
E22L,-8.072,22
E22I,-7.521,22
E22M,-9.151,22
E22P,-13.196,22
E22Y,-7.818,22
E22F,-7.728,22
E22W,-7.123,22
Q23K,-10.241,23
Q23R,-10.722,23
Q23H,-9.908,23
Q23E,-9.615,23
Q23D,-12.427,23
Q23N,-11.157,23
Q23Q,0.0,23
Q23T,-10.017,23
Q23S,-9.791,23
Q23C,-12.895,23
Q23G,-12.342,23
Q23A,-10.205,23
Q23V,-10.791,23
Q23L,-10.794,23
Q23I,-11.46,23
Q23M,-11.361,23
Q23P,-11.161,23
Q23Y,-13.443,23
Q23F,-13.467,23
Q23W,-15.171,23
K24K,0.0,24
K24R,-4.544,24
K24H,-4.986,24
K24E,-2.57,24
K24D,-3.426,24
K24N,-3.235,24
K24Q,-2.912,24
K24T,-1.801,24
K24S,-1.598,24
K24C,-3.805,24
K24G,-2.315,24
K24A,-1.045,24
K24V,-2.333,24
K24L,-3.305,24
K24I,-3.865,24
K24M,-4.923,24
K24P,-3.563,24
K24Y,-5.525,24
K24F,-4.948,24
K24W,-7.341,24
E25K,-5.824,25
E25R,-7.642,25
E25H,-6.385,25
E25E,0.0,25
E25D,-1.167,25
E25N,-2.958,25
E25Q,-5.378,25
E25T,-3.386,25
E25S,-2.135,25
E25C,-6.669,25
E25G,-1.729,25
E25A,-3.872,25
E25V,-6.102,25
E25L,-6.263,25
E25I,-7.164,25
E25M,-8.073,25
E25P,-5.676,25
E25Y,-7.412,25
E25F,-7.505,25
E25W,-10.174,25
S26K,-3.704,26
S26R,-7.594,26
S26H,-7.445,26
S26E,-1.599,26
S26D,-1.837,26
S26N,-4.014,26
S26Q,-4.77,26
S26T,-4.045,26
S26S,0.0,26
S26C,-8.822,26
S26G,-2.938,26
S26A,-2.616,26
S26V,-5.26,26
S26L,-5.785,26
S26I,-6.519,26
S26M,-7.418,26
S26P,-2.353,26
S26Y,-8.097,26
S26F,-7.48,26
S26W,-10.062,26
N27K,-4.368,27
N27R,-6.732,27
N27H,-6.437,27
N27E,-4.818,27
N27D,-4.12,27
N27N,0.0,27
N27Q,-5.324,27
N27T,-4.662,27
N27S,-3.149,27
N27C,-7.402,27
N27G,-2.923,27
N27A,-4.758,27
N27V,-6.586,27
N27L,-6.694,27
N27I,-7.817,27
N27M,-8.158,27
N27P,-6.684,27
N27Y,-7.666,27
N27F,-7.192,27
N27W,-10.248,27
G28K,-5.828,28
G28R,-7.862,28
G28H,-8.392,28
G28E,-7.334,28
G28D,-7.989,28
G28N,-7.127,28
G28Q,-6.915,28
G28T,-5.218,28
G28S,-4.128,28
G28C,-6.7,28
G28G,0.0,28
G28A,-3.896,28
G28V,-6.454,28
G28L,-7.272,28
G28I,-8.171,28
G28M,-9.594,28
G28P,-7.455,28
G28Y,-9.745,28
G28F,-9.488,28
G28W,-13.26,28
P29K,-5.707,29
P29R,-7.233,29
P29H,-7.625,29
P29E,-7.477,29
P29D,-7.758,29
P29N,-6.172,29
P29Q,-7.039,29
P29T,-5.294,29
P29S,-5.465,29
P29C,-7.657,29
P29G,-5.369,29
P29A,-5.602,29
P29V,-5.79,29
P29L,-6.034,29
P29I,-6.406,29
P29M,-7.446,29
P29P,0.0,29
P29Y,-8.284,29
P29F,-7.281,29
P29W,-10.223,29
V30K,-11.191,30
V30R,-12.695,30
V30H,-13.381,30
V30E,-12.783,30
V30D,-13.629,30
V30N,-11.791,30
V30Q,-12.323,30
V30T,-6.029,30
V30S,-9.208,30
V30C,-8.033,30
V30G,-12.475,30
V30A,-7.879,30
V30V,0.0,30
V30L,-5.51,30
V30I,-6.789,30
V30M,-8.623,30
V30P,-12.569,30
V30Y,-12.689,30
V30F,-10.831,30
V30W,-15.131,30
K31K,0.0,31
K31R,-5.313,31
K31H,-5.646,31
K31E,-8.516,31
K31D,-10.976,31
K31N,-7.203,31
K31Q,-6.944,31
K31T,-4.872,31
K31S,-5.982,31
K31C,-9.271,31
K31G,-10.675,31
K31A,-8.085,31
K31V,-7.005,31
K31L,-7.465,31
K31I,-7.148,31
K31M,-8.233,31
K31P,-14.402,31
K31Y,-7.697,31
K31F,-8.126,31
K31W,-9.404,31
V32K,-13.303,32
V32R,-12.975,32
V32H,-13.659,32
V32E,-12.868,32
V32D,-14.359,32
V32N,-12.887,32
V32Q,-13.086,32
V32T,-9.447,32
V32S,-11.237,32
V32C,-9.96,32
V32G,-12.725,32
V32A,-9.684,32
V32V,0.0,32
V32L,-5.563,32
V32I,-4.094,32
V32M,-7.598,32
V32P,-13.875,32
V32Y,-11.47,32
V32F,-7.434,32
V32W,-12.126,32
W33K,2.009,33
W33R,-0.41,33
W33H,0.831,33
W33E,1.12,33
W33D,-1.705,33
W33N,0.963,33
W33Q,0.948,33
W33T,3.757,33
W33S,3.559,33
W33C,-2.491,33
W33G,-1.46,33
W33A,0.121,33
W33V,0.531,33
W33L,-1.628,33
W33I,-0.486,33
W33M,-1.889,33
W33P,-7.392,33
W33Y,-1.411,33
W33F,-1.166,33
W33W,0.0,33
G34K,-15.895,34
G34R,-14.182,34
G34H,-16.923,34
G34E,-14.998,34
G34D,-14.982,34
G34N,-16.253,34
G34Q,-16.798,34
G34T,-12.475,34
G34S,-10.668,34
G34C,-9.984,34
G34G,0.0,34
G34A,-8.21,34
G34V,-10.0,34
G34L,-12.901,34
G34I,-11.927,34
G34M,-13.833,34
G34P,-15.697,34
G34Y,-14.195,34
G34F,-12.214,34
G34W,-13.952,34
S35K,-2.993,35
S35R,-4.724,35
S35H,-3.794,35
S35E,-4.432,35
S35D,-6.144,35
S35N,-3.852,35
S35Q,-4.359,35
S35T,-2.351,35
S35S,0.0,35
S35C,-8.647,35
S35G,-8.156,35
S35A,-6.253,35
S35V,-5.699,35
S35L,-7.834,35
S35I,-6.762,35
S35M,-7.657,35
S35P,-11.073,35
S35Y,-6.788,35
S35F,-7.361,35
S35W,-8.862,35
I36K,-14.199,36
I36R,-14.564,36
I36H,-15.739,36
I36E,-14.415,36
I36D,-14.655,36
I36N,-14.565,36
I36Q,-14.544,36
I36T,-11.085,36
I36S,-13.245,36
I36C,-11.253,36
I36G,-12.724,36
I36A,-9.19,36
I36V,-4.277,36
I36L,-5.621,36
I36I,0.0,36
I36M,-9.958,36
I36P,-12.483,36
I36Y,-12.989,36
I36F,-9.059,36
I36W,-15.017,36
K37K,0.0,37
K37R,-4.888,37
K37H,-5.304,37
K37E,-6.792,37
K37D,-8.611,37
K37N,-6.365,37
K37Q,-6.316,37
K37T,-3.231,37
K37S,-3.451,37
K37C,-9.0,37
K37G,-9.043,37
K37A,-7.331,37
K37V,-8.442,37
K37L,-9.356,37
K37I,-9.148,37
K37M,-10.387,37
K37P,-10.555,37
K37Y,-8.031,37
K37F,-9.059,37
K37W,-10.697,37
G38K,-9.286,38
G38R,-11.103,38
G38H,-9.763,38
G38E,-11.896,38
G38D,-10.053,38
G38N,-7.335,38
G38Q,-10.945,38
G38T,-13.161,38
G38S,-9.737,38
G38C,-11.719,38
G38G,0.0,38
G38A,-11.615,38
G38V,-14.83,38
G38L,-15.294,38
G38I,-16.201,38
G38M,-15.577,38
G38P,-13.961,38
G38Y,-14.455,38
G38F,-15.247,38
G38W,-16.843,38
L39K,-13.997,39
L39R,-14.591,39
L39H,-15.374,39
L39E,-15.149,39
L39D,-17.323,39
L39N,-15.668,39
L39Q,-13.786,39
L39T,-14.017,39
L39S,-14.538,39
L39C,-12.491,39
L39G,-15.816,39
L39A,-13.861,39
L39V,-9.67,39
L39L,0.0,39
L39I,-8.896,39
L39M,-9.933,39
L39P,-16.095,39
L39Y,-14.069,39
L39F,-10.126,39
L39W,-16.034,39
T40K,-5.716,40
T40R,-8.888,40
T40H,-10.071,40
T40E,-6.877,40
T40D,-8.706,40
T40N,-7.988,40
T40Q,-8.195,40
T40T,0.0,40
T40S,-5.134,40
T40C,-8.586,40
T40G,-8.296,40
T40A,-6.182,40
T40V,-8.113,40
T40L,-9.78,40
T40I,-9.83,40
T40M,-10.518,40
T40P,-6.876,40
T40Y,-12.629,40
T40F,-13.121,40
T40W,-15.633,40
E41K,-9.575,41
E41R,-12.527,41
E41H,-9.837,41
E41E,0.0,41
E41D,-6.433,41
E41N,-9.067,41
E41Q,-6.924,41
E41T,-8.889,41
E41S,-7.879,41
E41C,-12.65,41
E41G,-10.939,41
E41A,-6.602,41
E41V,-9.543,41
E41L,-11.418,41
E41I,-11.95,41
E41M,-13.103,41
E41P,-2.919,41
E41Y,-13.347,41
E41F,-13.701,41
E41W,-15.518,41
G42K,-14.838,42
G42R,-15.357,42
G42H,-16.822,42
G42E,-14.962,42
G42D,-12.432,42
G42N,-14.537,42
G42Q,-16.218,42
G42T,-15.656,42
G42S,-12.811,42
G42C,-14.704,42
G42G,0.0,42
G42A,-11.207,42
G42V,-15.804,42
G42L,-17.731,42
G42I,-18.651,42
G42M,-18.667,42
G42P,-18.741,42
G42Y,-17.707,42
G42F,-17.309,42
G42W,-17.859,42
L43K,-3.294,43
L43R,-7.257,43
L43H,-7.606,43
L43E,-4.074,43
L43D,-6.048,43
L43N,-5.717,43
L43Q,-4.042,43
L43T,-5.183,43
L43S,-5.797,43
L43C,-9.874,43
L43G,-8.536,43
L43A,-5.611,43
L43V,-5.436,43
L43L,0.0,43
L43I,-7.044,43
L43M,-7.153,43
L43P,-5.119,43
L43Y,-9.077,43
L43F,-7.836,43
L43W,-11.326,43
H44K,-10.192,44
H44R,-8.968,44
H44H,0.0,44
H44E,-16.479,44
H44D,-16.454,44
H44N,-13.203,44
H44Q,-13.312,44
H44T,-14.707,44
H44S,-14.506,44
H44C,-13.609,44
H44G,-15.75,44
H44A,-14.515,44
H44V,-16.225,44
H44L,-14.13,44
H44I,-17.541,44
H44M,-16.26,44
H44P,-19.102,44
H44Y,-11.161,44
H44F,-13.207,44
H44W,-17.598,44
G45K,-20.41,45
G45R,-16.15,45
G45H,-19.949,45
G45E,-17.346,45
G45D,-15.362,45
G45N,-17.599,45
G45Q,-19.108,45
G45T,-15.996,45
G45S,-13.598,45
G45C,-13.784,45
G45G,0.0,45
G45A,-10.976,45
G45V,-15.053,45
G45L,-17.84,45
G45I,-19.389,45
G45M,-19.731,45
G45P,-17.181,45
G45Y,-20.185,45
G45F,-17.439,45
G45W,-16.814,45
F46K,-18.929,46
F46R,-19.738,46
F46H,-18.961,46
F46E,-19.454,46
F46D,-18.974,46
F46N,-18.324,46
F46Q,-19.114,46
F46T,-16.519,46
F46S,-15.731,46
F46C,-12.186,46
F46G,-16.574,46
F46A,-15.039,46
F46V,-9.92,46
F46L,-6.567,46
F46I,-9.096,46
F46M,-6.868,46
F46P,-19.456,46
F46Y,-12.822,46
F46F,0.0,46
F46W,-11.91,46
H47K,-13.56,47
H47R,-12.748,47
H47H,0.0,47
H47E,-15.385,47
H47D,-13.23,47
H47N,-9.381,47
H47Q,-11.137,47
H47T,-12.66,47
H47S,-11.248,47
H47C,-13.948,47
H47G,-14.191,47
H47A,-12.106,47
H47V,-15.366,47
H47L,-14.392,47
H47I,-15.128,47
H47M,-15.365,47
H47P,-15.215,47
H47Y,-12.114,47
H47F,-14.537,47
H47W,-16.644,47
V48K,-15.24,48
V48R,-16.371,48
V48H,-15.759,48
V48E,-15.034,48
V48D,-15.905,48
V48N,-14.673,48
V48Q,-15.144,48
V48T,-12.657,48
V48S,-14.522,48
V48C,-12.712,48
V48G,-14.716,48
V48A,-11.552,48
V48V,0.0,48
V48L,-7.626,48
V48I,-4.292,48
V48M,-10.71,48
V48P,-15.856,48
V48Y,-14.916,48
V48F,-11.59,48
V48W,-16.69,48
H49K,-14.786,49
H49R,-10.813,49
H49H,0.0,49
H49E,-15.871,49
H49D,-13.884,49
H49N,-11.239,49
H49Q,-11.842,49
H49T,-15.844,49
H49S,-12.355,49
H49C,-14.521,49
H49G,-13.449,49
H49A,-13.748,49
H49V,-14.969,49
H49L,-10.257,49
H49I,-14.395,49
H49M,-14.211,49
H49P,-12.409,49
H49Y,-10.911,49
H49F,-13.653,49
H49W,-15.422,49
E50K,-7.026,50
E50R,-10.604,50
E50H,-9.432,50
E50E,0.0,50
E50D,-8.056,50
E50N,-8.762,50
E50Q,-4.523,50
E50T,-4.973,50
E50S,-6.455,50
E50C,-9.956,50
E50G,-8.762,50
E50A,-5.133,50
E50V,-5.994,50
E50L,-10.198,50
E50I,-8.431,50
E50M,-9.525,50
E50P,-12.178,50
E50Y,-11.452,50
E50F,-11.271,50
E50W,-13.392,50
F51K,-8.259,51
F51R,-11.09,51
F51H,-8.446,51
F51E,-11.394,51
F51D,-12.46,51
F51N,-8.725,51
F51Q,-9.738,51
F51T,-10.37,51
F51S,-9.66,51
F51C,-8.345,51
F51G,-10.784,51
F51A,-9.08,51
F51V,-10.135,51
F51L,-4.744,51
F51I,-11.48,51
F51M,-6.891,51
F51P,-14.414,51
F51Y,-5.95,51
F51F,0.0,51
F51W,-9.786,51
G52K,-11.418,52
G52R,-12.626,52
G52H,-15.569,52
G52E,-14.081,52
G52D,-14.641,52
G52N,-13.556,52
G52Q,-13.754,52
G52T,-14.182,52
G52S,-12.143,52
G52C,-13.717,52
G52G,0.0,52
G52A,-9.984,52
G52V,-14.508,52
G52L,-14.647,52
G52I,-17.813,52
G52M,-15.416,52
G52P,-14.972,52
G52Y,-17.355,52
G52F,-16.086,52
G52W,-18.682,52
D53K,-15.535,53
D53R,-18.5,53
D53H,-16.199,53
D53E,-10.68,53
D53D,0.0,53
D53N,-10.523,53
D53Q,-14.621,53
D53T,-14.332,53
D53S,-12.863,53
D53C,-15.945,53
D53G,-15.2,53
D53A,-13.968,53
D53V,-12.874,53
D53L,-15.767,53
D53I,-14.521,53
D53M,-16.344,53
D53P,-18.206,53
D53Y,-15.544,53
D53F,-17.519,53
D53W,-20.839,53
N54K,-12.713,54
N54R,-13.518,54
N54H,-10.25,54
N54E,-13.267,54
N54D,-11.638,54
N54N,0.0,54
N54Q,-11.222,54
N54T,-5.344,54
N54S,-8.418,54
N54C,-10.903,54
N54G,-12.319,54
N54A,-10.314,54
N54V,-10.84,54
N54L,-8.016,54
N54I,-10.052,54
N54M,-10.612,54
N54P,-14.878,54
N54Y,-12.235,54
N54F,-11.824,54
N54W,-16.767,54
T55K,-8.997,55
T55R,-8.736,55
T55H,-11.854,55
T55E,-11.703,55
T55D,-11.9,55
T55N,-10.577,55
T55Q,-11.103,55
T55T,0.0,55
T55S,-6.322,55
T55C,-11.866,55
T55G,-10.489,55
T55A,-9.668,55
T55V,-11.192,55
T55L,-10.571,55
T55I,-10.429,55
T55M,-10.648,55
T55P,-13.145,55
T55Y,-12.138,55
T55F,-12.135,55
T55W,-15.445,55
A56K,-4.238,56
A56R,-6.186,56
A56H,-4.863,56
A56E,-5.723,56
A56D,-4.402,56
A56N,1.957,56
A56Q,-2.734,56
A56T,-4.933,56
A56S,-3.419,56
A56C,-6.853,56
A56G,-5.517,56
A56A,0.0,56
A56V,-6.264,56
A56L,-6.474,56
A56I,-7.112,56
A56M,-6.6,56
A56P,-10.858,56
A56Y,-7.523,56
A56F,-7.701,56
A56W,-10.123,56
G57K,-12.017,57
G57R,-11.425,57
G57H,-12.746,57
G57E,-11.39,57
G57D,-10.23,57
G57N,-10.141,57
G57Q,-12.143,57
G57T,-12.405,57
G57S,-9.631,57
G57C,-11.765,57
G57G,0.0,57
G57A,-8.894,57
G57V,-12.171,57
G57L,-12.833,57
G57I,-15.015,57
G57M,-13.863,57
G57P,-14.515,57
G57Y,-13.226,57
G57F,-13.512,57
G57W,-14.931,57
C58K,-15.499,58
C58R,-11.731,58
C58H,-13.778,58
C58E,-13.82,58
C58D,-11.342,58
C58N,-15.095,58
C58Q,-15.333,58
C58T,-13.946,58
C58S,-11.017,58
C58C,0.0,58
C58G,-12.023,58
C58A,-12.36,58
C58V,-15.417,58
C58L,-14.186,58
C58I,-17.108,58
C58M,-17.275,58
C58P,-13.738,58
C58Y,-10.56,58
C58F,-12.169,58
C58W,-13.167,58
T59K,-6.072,59
T59R,-8.664,59
T59H,-10.199,59
T59E,-7.255,59
T59D,-8.452,59
T59N,-6.507,59
T59Q,-6.486,59
T59T,0.0,59
T59S,-6.423,59
T59C,-8.761,59
T59G,-8.686,59
T59A,-6.173,59
T59V,-5.582,59
T59L,-5.39,59
T59I,-5.146,59
T59M,-4.88,59
T59P,-12.073,59
T59Y,-11.559,59
T59F,-10.237,59
T59W,-13.891,59
S60K,-9.356,60
S60R,-11.797,60
S60H,-12.091,60
S60E,-9.548,60
S60D,-9.464,60
S60N,-9.146,60
S60Q,-10.329,60
S60T,-7.927,60
S60S,0.0,60
S60C,-11.357,60
S60G,-8.424,60
S60A,-6.555,60
S60V,-12.386,60
S60L,-10.213,60
S60I,-13.266,60
S60M,-12.526,60
S60P,-12.635,60
S60Y,-13.323,60
S60F,-12.307,60
S60W,-15.367,60
A61K,-11.201,61
A61R,-13.011,61
A61H,-14.717,61
A61E,-11.633,61
A61D,-12.561,61
A61N,-12.176,61
A61Q,-12.153,61
A61T,-5.629,61
A61S,-7.441,61
A61C,-8.793,61
A61G,-11.436,61
A61A,0.0,61
A61V,-9.429,61
A61L,-10.245,61
A61I,-12.501,61
A61M,-10.853,61
A61P,-14.843,61
A61Y,-14.875,61
A61F,-13.625,61
A61W,-17.354,61
G62K,-13.224,62
G62R,-12.183,62
G62H,-14.986,62
G62E,-12.734,62
G62D,-13.226,62
G62N,-14.381,62
G62Q,-14.326,62
G62T,-14.927,62
G62S,-11.198,62
G62C,-12.706,62
G62G,0.0,62
G62A,-9.476,62
G62V,-15.038,62
G62L,-14.319,62
G62I,-18.623,62
G62M,-15.01,62
G62P,-14.053,62
G62Y,-15.763,62
G62F,-15.773,62
G62W,-15.131,62
P63K,-9.285,63
P63R,-10.419,63
P63H,-8.897,63
P63E,-7.438,63
P63D,-7.198,63
P63N,-8.572,63
P63Q,-8.485,63
P63T,-8.507,63
P63S,-6.921,63
P63C,-10.778,63
P63G,-7.26,63
P63A,-6.048,63
P63V,-10.015,63
P63L,-9.707,63
P63I,-11.728,63
P63M,-10.842,63
P63P,0.0,63
P63Y,-12.299,63
P63F,-11.88,63
P63W,-14.152,63
H64K,-15.28,64
H64R,-13.929,64
H64H,0.0,64
H64E,-15.999,64
H64D,-14.756,64
H64N,-13.208,64
H64Q,-13.964,64
H64T,-15.808,64
H64S,-15.184,64
H64C,-16.16,64
H64G,-17.015,64
H64A,-15.205,64
H64V,-14.598,64
H64L,-13.024,64
H64I,-14.369,64
H64M,-16.495,64
H64P,-14.395,64
H64Y,-14.31,64
H64F,-15.729,64
H64W,-20.099,64
F65K,-15.16,65
F65R,-14.881,65
F65H,-11.462,65
F65E,-15.959,65
F65D,-15.102,65
F65N,-13.97,65
F65Q,-15.206,65
F65T,-13.976,65
F65S,-12.584,65
F65C,-11.975,65
F65G,-15.359,65
F65A,-13.725,65
F65V,-11.8,65
F65L,-8.815,65
F65I,-12.441,65
F65M,-12.06,65
F65P,-16.176,65
F65Y,-5.507,65
F65F,0.0,65
F65W,-8.639,65
N66K,-13.954,66
N66R,-16.233,66
N66H,-12.752,66
N66E,-16.139,66
N66D,-12.089,66
N66N,0.0,66
N66Q,-14.649,66
N66T,-15.011,66
N66S,-10.687,66
N66C,-12.652,66
N66G,-12.818,66
N66A,-14.307,66
N66V,-15.228,66
N66L,-16.057,66
N66I,-16.593,66
N66M,-17.183,66
N66P,-18.466,66
N66Y,-15.584,66
N66F,-16.661,66
N66W,-18.077,66
P67K,-16.103,67
P67R,-14.616,67
P67H,-10.025,67
P67E,-15.811,67
P67D,-15.172,67
P67N,-13.805,67
P67Q,-13.993,67
P67T,-13.743,67
P67S,-11.567,67
P67C,-14.426,67
P67G,-14.962,67
P67A,-12.053,67
P67V,-12.784,67
P67L,-12.039,67
P67I,-15.09,67
P67M,-15.692,67
P67P,0.0,67
P67Y,-14.266,67
P67F,-12.697,67
P67W,-16.231,67
L68K,-3.071,68
L68R,-5.655,68
L68H,-1.599,68
L68E,-3.724,68
L68D,-4.295,68
L68N,-3.684,68
L68Q,-3.646,68
L68T,-3.909,68
L68S,-4.656,68
L68C,-7.021,68
L68G,-6.429,68
L68A,-4.777,68
L68V,-4.58,68
L68L,0.0,68
L68I,-5.964,68
L68M,-4.305,68
L68P,-9.928,68
L68Y,-3.08,68
L68F,-2.582,68
L68W,-6.087,68
S69K,-2.281,69
S69R,-4.957,69
S69H,-4.237,69
S69E,-4.395,69
S69D,-3.78,69
S69N,-1.325,69
S69Q,-3.248,69
S69T,-5.383,69
S69S,0.0,69
S69C,-6.568,69
S69G,-0.955,69
S69A,-3.951,69
S69V,-6.582,69
S69L,-5.703,69
S69I,-8.481,69
S69M,-5.133,69
S69P,-6.386,69
S69Y,-7.713,69
S69F,-7.492,69
S69W,-9.796,69
R70K,-0.638,70
R70R,0.0,70
R70H,-6.049,70
R70E,-6.92,70
R70D,-9.01,70
R70N,-6.168,70
R70Q,-4.978,70
R70T,-5.116,70
R70S,-5.242,70
R70C,-7.211,70
R70G,-7.076,70
R70A,-4.481,70
R70V,-4.089,70
R70L,-5.026,70
R70I,-5.407,70
R70M,-5.404,70
R70P,-9.019,70
R70Y,-9.596,70
R70F,-9.161,70
R70W,-11.533,70
K71K,0.0,71
K71R,-7.052,71
K71H,-6.953,71
K71E,-5.339,71
K71D,-6.132,71
K71N,-5.139,71
K71Q,-4.425,71
K71T,-3.645,71
K71S,-4.656,71
K71C,-9.409,71
K71G,-7.407,71
K71A,-6.445,71
K71V,-5.486,71
K71L,-7.446,71
K71I,-6.865,71
K71M,-7.258,71
K71P,-8.682,71
K71Y,-10.641,71
K71F,-9.656,71
K71W,-12.482,71
H72K,-16.907,72
H72R,-15.28,72
H72H,0.0,72
H72E,-16.015,72
H72D,-15.258,72
H72N,-14.704,72
H72Q,-14.188,72
H72T,-15.816,72
H72S,-15.096,72
H72C,-15.382,72
H72G,-16.63,72
H72A,-15.146,72
H72V,-14.954,72
H72L,-15.743,72
H72I,-17.444,72
H72M,-17.436,72
H72P,-14.159,72
H72Y,-14.063,72
H72F,-16.012,72
H72W,-18.865,72
G73K,-13.19,73
G73R,-12.37,73
G73H,-12.307,73
G73E,-11.715,73
G73D,-11.509,73
G73N,-11.986,73
G73Q,-12.941,73
G73T,-13.431,73
G73S,-9.433,73
G73C,-12.332,73
G73G,0.0,73
G73A,-8.311,73
G73V,-13.585,73
G73L,-14.468,73
G73I,-15.677,73
G73M,-14.077,73
G73P,-13.066,73
G73Y,-15.852,73
G73F,-15.587,73
G73W,-15.172,73
G74K,-9.317,74
G74R,-10.264,74
G74H,-10.346,74
G74E,-8.714,74
G74D,-9.005,74
G74N,-9.411,74
G74Q,-9.714,74
G74T,-8.749,74
G74S,-5.189,74
G74C,-9.382,74
G74G,0.0,74
G74A,-2.381,74
G74V,-9.89,74
G74L,-10.156,74
G74I,-12.77,74
G74M,-9.535,74
G74P,-9.057,74
G74Y,-11.908,74
G74F,-10.823,74
G74W,-13.098,74
P75K,-7.512,75
P75R,-9.877,75
P75H,-8.281,75
P75E,-7.425,75
P75D,-8.043,75
P75N,-8.644,75
P75Q,-8.539,75
P75T,-8.594,75
P75S,-7.52,75
P75C,-11.507,75
P75G,-8.604,75
P75A,-7.027,75
P75V,-8.901,75
P75L,-7.708,75
P75I,-9.72,75
P75M,-8.563,75
P75P,0.0,75
P75Y,-10.857,75
P75F,-10.244,75
P75W,-11.127,75
K76K,0.0,76
K76R,-6.877,76
K76H,-4.529,76
K76E,-1.71,76
K76D,-2.654,76
K76N,-3.039,76
K76Q,-3.485,76
K76T,-2.463,76
K76S,-3.465,76
K76C,-7.28,76
K76G,-4.03,76
K76A,-3.483,76
K76V,-5.097,76
K76L,-4.908,76
K76I,-6.678,76
K76M,-5.798,76
K76P,-7.368,76
K76Y,-6.725,76
K76F,-6.572,76
K76W,-9.381,76
D77K,-11.56,77
D77R,-13.039,77
D77H,-9.35,77
D77E,-7.146,77
D77D,0.0,77
D77N,-9.091,77
D77Q,-9.824,77
D77T,-9.935,77
D77S,-6.458,77
D77C,-7.546,77
D77G,-9.166,77
D77A,-5.944,77
D77V,-11.393,77
D77L,-12.708,77
D77I,-13.977,77
D77M,-12.68,77
D77P,-12.077,77
D77Y,-10.69,77
D77F,-11.558,77
D77W,-14.143,77
E78K,-6.49,78
E78R,-10.016,78
E78H,-7.094,78
E78E,0.0,78
E78D,-5.567,78
E78N,-7.503,78
E78Q,-7.102,78
E78T,-6.963,78
E78S,-6.806,78
E78C,-12.074,78
E78G,-7.433,78
E78A,-5.814,78
E78V,-7.384,78
E78L,-8.813,78
E78I,-9.176,78
E78M,-8.852,78
E78P,-7.094,78
E78Y,-9.51,78
E78F,-9.145,78
E78W,-12.638,78
E79K,-6.749,79
E79R,-9.936,79
E79H,-7.459,79
E79E,0.0,79
E79D,-5.194,79
E79N,-4.689,79
E79Q,-6.536,79
E79T,-6.125,79
E79S,-6.385,79
E79C,-9.828,79
E79G,-8.679,79
E79A,-6.76,79
E79V,-4.228,79
E79L,-7.462,79
E79I,-4.951,79
E79M,-7.731,79
E79P,-10.487,79
E79Y,-9.362,79
E79F,-8.624,79
E79W,-12.903,79
R80K,-11.254,80
R80R,0.0,80
R80H,-11.618,80
R80E,-14.721,80
R80D,-15.935,80
R80N,-13.274,80
R80Q,-13.077,80
R80T,-13.549,80
R80S,-12.532,80
R80C,-11.152,80
R80G,-12.333,80
R80A,-13.622,80
R80V,-13.964,80
R80L,-13.463,80
R80I,-15.331,80
R80M,-13.6,80
R80P,-16.785,80
R80Y,-13.752,80
R80F,-13.166,80
R80W,-14.794,80
H81K,-15.627,81
H81R,-13.751,81
H81H,0.0,81
H81E,-14.503,81
H81D,-13.444,81
H81N,-12.668,81
H81Q,-13.654,81
H81T,-16.334,81
H81S,-15.698,81
H81C,-16.703,81
H81G,-15.67,81
H81A,-14.862,81
H81V,-16.085,81
H81L,-13.947,81
H81I,-17.5,81
H81M,-16.44,81
H81P,-14.8,81
H81Y,-14.182,81
H81F,-16.005,81
H81W,-19.402,81
V82K,-10.746,82
V82R,-11.824,82
V82H,-11.462,82
V82E,-9.314,82
V82D,-10.592,82
V82N,-11.326,82
V82Q,-10.836,82
V82T,-7.722,82
V82S,-8.923,82
V82C,-9.064,82
V82G,-9.812,82
V82A,-4.627,82
V82V,0.0,82
V82L,-6.418,82
V82I,-7.063,82
V82M,-8.988,82
V82P,-11.862,82
V82Y,-11.901,82
V82F,-8.894,82
V82W,-12.191,82
G83K,-16.09,83
G83R,-13.582,83
G83H,-15.232,83
G83E,-13.261,83
G83D,-13.658,83
G83N,-15.693,83
G83Q,-15.843,83
G83T,-15.652,83
G83S,-12.142,83
G83C,-12.365,83
G83G,0.0,83
G83A,-9.552,83
G83V,-14.249,83
G83L,-14.975,83
G83I,-16.833,83
G83M,-14.804,83
G83P,-16.14,83
G83Y,-15.612,83
G83F,-14.343,83
G83W,-13.408,83
D84K,-19.26,84
D84R,-19.558,84
D84H,-15.317,84
D84E,-12.509,84
D84D,0.0,84
D84N,-14.622,84
D84Q,-16.832,84
D84T,-17.013,84
D84S,-15.983,84
D84C,-15.478,84
D84G,-13.321,84
D84A,-14.214,84
D84V,-15.035,84
D84L,-18.484,84
D84I,-18.832,84
D84M,-18.786,84
D84P,-18.158,84
D84Y,-14.471,84
D84F,-16.857,84
D84W,-19.788,84
L85K,-13.676,85
L85R,-13.341,85
L85H,-13.198,85
L85E,-14.236,85
L85D,-16.847,85
L85N,-14.923,85
L85Q,-13.06,85
L85T,-12.984,85
L85S,-13.0,85
L85C,-11.858,85
L85G,-15.051,85
L85A,-13.365,85
L85V,-10.618,85
L85L,0.0,85
L85I,-10.141,85
L85M,-8.293,85
L85P,-13.187,85
L85Y,-13.262,85
L85F,-7.602,85
L85W,-13.172,85
G86K,-10.842,86
G86R,-11.883,86
G86H,-11.911,86
G86E,-8.803,86
G86D,-10.113,86
G86N,-11.079,86
G86Q,-11.153,86
G86T,-10.707,86
G86S,-9.352,86
G86C,-10.177,86
G86G,0.0,86
G86A,-8.004,86
G86V,-11.022,86
G86L,-11.412,86
G86I,-12.563,86
G86M,-11.154,86
G86P,-12.437,86
G86Y,-12.966,86
G86F,-11.163,86
G86W,-13.58,86
N87K,-15.872,87
N87R,-18.558,87
N87H,-14.817,87
N87E,-15.092,87
N87D,-10.663,87
N87N,0.0,87
N87Q,-13.756,87
N87T,-13.822,87
N87S,-11.952,87
N87C,-15.013,87
N87G,-15.702,87
N87A,-15.579,87
N87V,-14.969,87
N87L,-16.636,87
N87I,-15.936,87
N87M,-16.226,87
N87P,-18.84,87
N87Y,-16.325,87
N87F,-16.701,87
N87W,-20.805,87
V88K,-15.301,88
V88R,-15.957,88
V88H,-15.261,88
V88E,-14.337,88
V88D,-16.063,88
V88N,-14.569,88
V88Q,-14.329,88
V88T,-10.645,88
V88S,-13.973,88
V88C,-10.941,88
V88G,-14.244,88
V88A,-10.69,88
V88V,0.0,88
V88L,-5.084,88
V88I,-2.044,88
V88M,-8.148,88
V88P,-14.097,88
V88Y,-14.93,88
V88F,-9.485,88
V88W,-15.233,88
T89K,-4.303,89
T89R,-7.106,89
T89H,-6.469,89
T89E,-4.332,89
T89D,-7.523,89
T89N,-5.81,89
T89Q,-4.628,89
T89T,0.0,89
T89S,-6.248,89
T89C,-7.625,89
T89G,-9.097,89
T89A,-5.539,89
T89V,-3.382,89
T89L,-5.97,89
T89I,-4.706,89
T89M,-5.397,89
T89P,-6.934,89
T89Y,-8.634,89
T89F,-8.07,89
T89W,-10.531,89
A90K,-13.174,90
A90R,-14.227,90
A90H,-14.527,90
A90E,-12.526,90
A90D,-14.005,90
A90N,-12.868,90
A90Q,-13.645,90
A90T,-5.366,90
A90S,-6.97,90
A90C,-7.746,90
A90G,-10.596,90
A90A,0.0,90
A90V,-6.897,90
A90L,-12.957,90
A90I,-11.02,90
A90M,-11.535,90
A90P,-11.85,90
A90Y,-13.945,90
A90F,-12.653,90
A90W,-15.774,90
D91K,-8.026,91
D91R,-9.365,91
D91H,-9.876,91
D91E,-7.84,91
D91D,0.0,91
D91N,-3.284,91
D91Q,-8.679,91
D91T,-6.412,91
D91S,-5.543,91
D91C,-9.66,91
D91G,-3.134,91
D91A,-6.729,91
D91V,-10.88,91
D91L,-10.675,91
D91I,-12.213,91
D91M,-10.759,91
D91P,-8.267,91
D91Y,-11.743,91
D91F,-12.71,91
D91W,-14.685,91
K92K,0.0,92
K92R,-8.309,92
K92H,-9.089,92
K92E,-8.396,92
K92D,-10.136,92
K92N,-8.779,92
K92Q,-8.527,92
K92T,-7.869,92
K92S,-5.407,92
K92C,-10.502,92
K92G,-5.606,92
K92A,-4.563,92
K92V,-8.165,92
K92L,-11.004,92
K92I,-9.766,92
K92M,-10.686,92
K92P,-8.182,92
K92Y,-12.508,92
K92F,-12.164,92
K92W,-14.286,92
D93K,-6.323,93
D93R,-8.444,93
D93H,-6.45,93
D93E,-4.023,93
D93D,0.0,93
D93N,-3.485,93
D93Q,-5.841,93
D93T,-4.601,93
D93S,-4.551,93
D93C,-9.134,93
D93G,-7.291,93
D93A,-6.136,93
D93V,-8.939,93
D93L,-7.941,93
D93I,-10.052,93
D93M,-8.274,93
D93P,-13.366,93
D93Y,-7.971,93
D93F,-8.017,93
D93W,-11.5,93
G94K,-9.962,94
G94R,-10.36,94
G94H,-10.517,94
G94E,-10.566,94
G94D,-9.4,94
G94N,-8.98,94
G94Q,-10.063,94
G94T,-10.951,94
G94S,-6.217,94
G94C,-7.401,94
G94G,0.0,94
G94A,-7.088,94
G94V,-12.001,94
G94L,-11.82,94
G94I,-15.393,94
G94M,-11.088,94
G94P,-14.153,94
G94Y,-12.686,94
G94F,-11.018,94
G94W,-12.34,94
V95K,-6.059,95
V95R,-7.619,95
V95H,-8.284,95
V95E,-7.568,95
V95D,-9.557,95
V95N,-4.851,95
V95Q,-7.946,95
V95T,-6.096,95
V95S,-7.412,95
V95C,-7.387,95
V95G,-8.84,95
V95A,-6.705,95
V95V,0.0,95
V95L,-7.148,95
V95I,-4.986,95
V95M,-6.64,95
V95P,-13.72,95
V95Y,-7.698,95
V95F,-6.56,95
V95W,-10.416,95
A96K,-12.104,96
A96R,-13.132,96
A96H,-15.581,96
A96E,-13.282,96
A96D,-14.453,96
A96N,-13.034,96
A96Q,-14.336,96
A96T,-7.609,96
A96S,-7.435,96
A96C,-8.207,96
A96G,-9.606,96
A96A,0.0,96
A96V,-6.476,96
A96L,-11.94,96
A96I,-9.703,96
A96M,-12.363,96
A96P,-12.545,96
A96Y,-14.638,96
A96F,-13.71,96
A96W,-16.048,96
D97K,-5.525,97
D97R,-7.942,97
D97H,-6.55,97
D97E,-2.601,97
D97D,0.0,97
D97N,-4.355,97
D97Q,-5.722,97
D97T,-4.853,97
D97S,-5.371,97
D97C,-9.82,97
D97G,-8.588,97
D97A,-6.851,97
D97V,-6.75,97
D97L,-7.782,97
D97I,-8.077,97
D97M,-7.409,97
D97P,-10.154,97
D97Y,-7.822,97
D97F,-8.078,97
D97W,-10.571,97
V98K,-11.729,98
V98R,-12.646,98
V98H,-12.408,98
V98E,-13.1,98
V98D,-13.994,98
V98N,-13.19,98
V98Q,-12.012,98
V98T,-8.589,98
V98S,-11.337,98
V98C,-8.895,98
V98G,-12.913,98
V98A,-8.282,98
V98V,0.0,98
V98L,-4.793,98
V98I,-3.465,98
V98M,-7.655,98
V98P,-14.922,98
V98Y,-6.934,98
V98F,-4.557,98
V98W,-11.334,98
S99K,-5.454,99
S99R,-7.455,99
S99H,-6.539,99
S99E,-3.633,99
S99D,-4.514,99
S99N,-4.514,99
S99Q,-5.394,99
S99T,-3.922,99
S99S,0.0,99
S99C,-7.173,99
S99G,-5.375,99
S99A,-4.684,99
S99V,-5.718,99
S99L,-6.853,99
S99I,-6.577,99
S99M,-6.537,99
S99P,-8.118,99
S99Y,-6.886,99
S99F,-6.62,99
S99W,-8.338,99
I100K,-9.277,100
I100R,-11.378,100
I100H,-12.439,100
I100E,-11.982,100
I100D,-13.555,100
I100N,-12.46,100
I100Q,-11.128,100
I100T,-8.934,100
I100S,-11.325,100
I100C,-10.824,100
I100G,-13.238,100
I100A,-10.107,100
I100V,-5.271,100
I100L,-5.88,100
I100I,0.0,100
I100M,-7.414,100
I100P,-15.023,100
I100Y,-10.523,100
I100F,-7.54,100
I100W,-12.705,100
E101K,-7.153,101
E101R,-9.399,101
E101H,-8.363,101
E101E,0.0,101
E101D,-5.34,101
E101N,-6.989,101
E101Q,-6.177,101
E101T,-4.432,101
E101S,-5.893,101
E101C,-9.15,101
E101G,-9.401,101
E101A,-7.567,101
E101V,-6.264,101
E101L,-8.102,101
E101I,-7.582,101
E101M,-8.299,101
E101P,-11.11,101
E101Y,-9.096,101
E101F,-9.319,101
E101W,-11.515,101
D102K,-14.32,102
D102R,-15.927,102
D102H,-12.899,102
D102E,-11.078,102
D102D,0.0,102
D102N,-10.533,102
D102Q,-12.727,102
D102T,-13.025,102
D102S,-10.662,102
D102C,-13.74,102
D102G,-11.432,102
D102A,-12.578,102
D102V,-15.621,102
D102L,-16.696,102
D102I,-17.29,102
D102M,-16.68,102
D102P,-17.168,102
D102Y,-14.444,102
D102F,-16.043,102
D102W,-18.07,102
S103K,-3.535,103
S103R,-5.633,103
S103H,-4.026,103
S103E,-6.95,103
S103D,-7.084,103
S103N,-4.806,103
S103Q,-6.242,103
S103T,-5.137,103
S103S,0.0,103
S103C,-8.053,103
S103G,-7.796,103
S103A,-6.639,103
S103V,-9.449,103
S103L,-8.401,103
S103I,-10.114,103
S103M,-9.171,103
S103P,-6.146,103
S103Y,-7.553,103
S103F,-8.622,103
S103W,-11.252,103
V104K,-2.846,104
V104R,-4.222,104
V104H,-4.179,104
V104E,-4.121,104
V104D,-7.583,104
V104N,-4.689,104
V104Q,0.503,104
V104T,-4.358,104
V104S,-5.273,104
V104C,-6.018,104
V104G,-8.191,104
V104A,-5.567,104
V104V,0.0,104
V104L,-0.344,104
V104I,-4.551,104
V104M,-1.356,104
V104P,-8.954,104
V104Y,-6.292,104
V104F,-5.148,104
V104W,-9.264,104
I105K,-13.925,105
I105R,-14.807,105
I105H,-15.427,105
I105E,-14.2,105
I105D,-14.516,105
I105N,-13.222,105
I105Q,-14.385,105
I105T,-9.392,105
I105S,-12.5,105
I105C,-9.975,105
I105G,-13.247,105
I105A,-8.773,105
I105V,-4.387,105
I105L,-5.584,105
I105I,0.0,105
I105M,-9.185,105
I105P,-13.887,105
I105Y,-14.927,105
I105F,-11.495,105
I105W,-16.331,105
S106K,-4.755,106
S106R,-7.152,106
S106H,-9.27,106
S106E,-9.768,106
S106D,-9.859,106
S106N,-7.24,106
S106Q,-7.86,106
S106T,-6.402,106
S106S,0.0,106
S106C,-8.809,106
S106G,-8.521,106
S106A,-5.758,106
S106V,-8.96,106
S106L,-8.452,106
S106I,-10.454,106
S106M,-10.455,106
S106P,-3.29,106
S106Y,-11.569,106
S106F,-11.42,106
S106W,-13.338,106
L107K,-13.233,107
L107R,-13.373,107
L107H,-13.849,107
L107E,-16.482,107
L107D,-18.103,107
L107N,-15.024,107
L107Q,-13.218,107
L107T,-12.667,107
L107S,-13.167,107
L107C,-13.953,107
L107G,-16.727,107
L107A,-13.143,107
L107V,-9.146,107
L107L,0.0,107
L107I,-7.114,107
L107M,-9.567,107
L107P,-12.592,107
L107Y,-14.31,107
L107F,-8.885,107
L107W,-14.192,107
S108K,-4.63,108
S108R,-6.638,108
S108H,-6.562,108
S108E,-7.456,108
S108D,-7.963,108
S108N,-4.824,108
S108Q,-6.428,108
S108T,-3.952,108
S108S,0.0,108
S108C,-7.805,108
S108G,-6.5,108
S108A,-5.821,108
S108V,-6.281,108
S108L,-7.612,108
S108I,-6.768,108
S108M,-8.031,108
S108P,-10.903,108
S108Y,-8.38,108
S108F,-7.819,108
S108W,-10.782,108
G109K,-9.416,109
G109R,-10.537,109
G109H,-12.508,109
G109E,-10.51,109
G109D,-10.945,109
G109N,-9.708,109
G109Q,-11.646,109
G109T,-11.365,109
G109S,-9.483,109
G109C,-11.088,109
G109G,0.0,109
G109A,-9.549,109
G109V,-12.48,109
G109L,-13.151,109
G109I,-14.552,109
G109M,-13.618,109
G109P,-13.505,109
G109Y,-14.725,109
G109F,-14.035,109
G109W,-14.596,109
D110K,-2.165,110
D110R,-5.219,110
D110H,-6.196,110
D110E,-2.077,110
D110D,0.0,110
D110N,-4.768,110
D110Q,-3.073,110
D110T,-3.368,110
D110S,-3.122,110
D110C,-8.303,110
D110G,-6.009,110
D110A,-2.107,110
D110V,-4.536,110
D110L,-5.511,110
D110I,-6.06,110
D110M,-6.78,110
D110P,-0.761,110
D110Y,-8.843,110
D110F,-8.031,110
D110W,-11.546,110
H111K,-3.08,111
H111R,-3.441,111
H111H,0.0,111
H111E,-7.225,111
H111D,-7.304,111
H111N,-3.428,111
H111Q,-5.031,111
H111T,-6.369,111
H111S,-6.384,111
H111C,-7.792,111
H111G,-9.128,111
H111A,-7.676,111
H111V,-7.96,111
H111L,-5.237,111
H111I,-8.197,111
H111M,-6.916,111
H111P,-11.747,111
H111Y,-5.846,111
H111F,-6.372,111
H111W,-9.56,111
C112K,-5.751,112
C112R,-6.037,112
C112H,-6.157,112
C112E,-7.142,112
C112D,-5.415,112
C112N,-2.133,112
C112Q,-5.321,112
C112T,-2.107,112
C112S,2.276,112
C112C,0.0,112
C112G,-2.757,112
C112A,-1.933,112
C112V,-8.207,112
C112L,-5.448,112
C112I,-8.465,112
C112M,-5.286,112
C112P,-8.083,112
C112Y,-7.195,112
C112F,-6.666,112
C112W,-9.447,112
I113K,-12.928,113
I113R,-14.5,113
I113H,-15.581,113
I113E,-14.248,113
I113D,-15.124,113
I113N,-13.472,113
I113Q,-14.711,113
I113T,-10.198,113
I113S,-13.306,113
I113C,-11.342,113
I113G,-13.826,113
I113A,-9.659,113
I113V,-3.501,113
I113L,-8.195,113
I113I,0.0,113
I113M,-9.759,113
I113P,-13.576,113
I113Y,-14.717,113
I113F,-11.122,113
I113W,-16.112,113
I114K,-10.323,114
I114R,-11.963,114
I114H,-14.128,114
I114E,-14.47,114
I114D,-16.112,114
I114N,-13.336,114
I114Q,-12.555,114
I114T,-9.595,114
I114S,-12.612,114
I114C,-11.038,114
I114G,-13.223,114
I114A,-9.755,114
I114V,-4.061,114
I114L,-5.227,114
I114I,0.0,114
I114M,-8.485,114
I114P,-14.423,114
I114Y,-12.886,114
I114F,-10.323,114
I114W,-14.989,114
G115K,-12.219,115
G115R,-11.775,115
G115H,-14.087,115
G115E,-11.184,115
G115D,-11.057,115
G115N,-10.09,115
G115Q,-13.571,115
G115T,-12.235,115
G115S,-9.373,115
G115C,-10.819,115
G115G,0.0,115
G115A,-8.998,115
G115V,-12.92,115
G115L,-14.942,115
G115I,-16.11,115
G115M,-15.114,115
G115P,-17.072,115
G115Y,-15.976,115
G115F,-15.069,115
G115W,-16.201,115
R116K,-9.704,116
R116R,0.0,116
R116H,-10.588,116
R116E,-16.722,116
R116D,-18.052,116
R116N,-15.731,116
R116Q,-12.65,116
R116T,-15.363,116
R116S,-13.856,116
R116C,-11.76,116
R116G,-13.628,116
R116A,-15.875,116
R116V,-15.759,116
R116L,-12.116,116
R116I,-15.346,116
R116M,-14.515,116
R116P,-15.01,116
R116Y,-15.89,116
R116F,-16.293,116
R116W,-14.345,116
T117K,-12.202,117
T117R,-12.388,117
T117H,-12.939,117
T117E,-10.226,117
T117D,-12.907,117
T117N,-10.597,117
T117Q,-10.814,117
T117T,0.0,117
T117S,-4.723,117
T117C,-8.494,117
T117G,-7.344,117
T117A,-4.669,117
T117V,-10.389,117
T117L,-13.084,117
T117I,-12.92,117
T117M,-10.656,117
T117P,-13.537,117
T117Y,-13.26,117
T117F,-12.934,117
T117W,-15.203,117
L118K,-12.868,118
L118R,-13.363,118
L118H,-10.859,118
L118E,-14.488,118
L118D,-14.3,118
L118N,-10.148,118
L118Q,-12.432,118
L118T,-8.005,118
L118S,-10.644,118
L118C,-8.05,118
L118G,-11.476,118
L118A,-8.543,118
L118V,-4.362,118
L118L,0.0,118
L118I,-4.993,118
L118M,-4.326,118
L118P,-13.571,118
L118Y,-10.667,118
L118F,-4.623,118
L118W,-11.711,118
V119K,-18.219,119
V119R,-18.777,119
V119H,-17.748,119
V119E,-14.999,119
V119D,-10.778,119
V119N,-11.416,119
V119Q,-16.318,119
V119T,-11.106,119
V119S,-12.662,119
V119C,-10.055,119
V119G,-12.401,119
V119A,-8.821,119
V119V,0.0,119
V119L,-11.271,119
V119I,-9.979,119
V119M,-13.78,119
V119P,-13.445,119
V119Y,-16.13,119
V119F,-15.186,119
V119W,-19.557,119
V120K,-17.753,120
V120R,-18.588,120
V120H,-17.971,120
V120E,-16.516,120
V120D,-16.852,120
V120N,-15.521,120
V120Q,-17.65,120
V120T,-12.175,120
V120S,-14.694,120
V120C,-11.08,120
V120G,-15.039,120
V120A,-9.718,120
V120V,0.0,120
V120L,-8.343,120
V120I,-5.873,120
V120M,-11.439,120
V120P,-14.641,120
V120Y,-15.431,120
V120F,-11.663,120
V120W,-17.054,120
H121K,-15.895,121
H121R,-13.789,121
H121H,0.0,121
H121E,-13.623,121
H121D,-12.93,121
H121N,-13.723,121
H121Q,-12.984,121
H121T,-10.432,121
H121S,-13.96,121
H121C,-13.84,121
H121G,-16.116,121
H121A,-14.772,121
H121V,-15.939,121
H121L,-13.803,121
H121I,-15.774,121
H121M,-15.063,121
H121P,-15.384,121
H121Y,-12.447,121
H121F,-15.539,121
H121W,-15.482,121
E122K,-6.923,122
E122R,-10.029,122
E122H,-10.373,122
E122E,0.0,122
E122D,-7.169,122
E122N,-9.463,122
E122Q,-6.0,122
E122T,-9.008,122
E122S,-6.969,122
E122C,-10.796,122
E122G,-8.351,122
E122A,-4.083,122
E122V,-8.761,122
E122L,-10.707,122
E122I,-11.121,122
E122M,-10.861,122
E122P,-12.9,122
E122Y,-11.702,122
E122F,-11.924,122
E122W,-13.019,122
K123K,0.0,123
K123R,-6.419,123
K123H,-9.74,123
K123E,-9.775,123
K123D,-8.426,123
K123N,-7.807,123
K123Q,-8.655,123
K123T,-10.343,123
K123S,-9.849,123
K123C,-11.809,123
K123G,-7.224,123
K123A,-9.6,123
K123V,-11.194,123
K123L,-8.328,123
K123I,-12.611,123
K123M,-9.909,123
K123P,-14.949,123
K123Y,-12.729,123
K123F,-11.716,123
K123W,-14.219,123
A124K,-4.071,124
A124R,-5.998,124
A124H,-7.508,124
A124E,-2.663,124
A124D,-6.701,124
A124N,-6.854,124
A124Q,-3.342,124
A124T,-5.068,124
A124S,-5.109,124
A124C,-8.321,124
A124G,-7.241,124
A124A,0.0,124
A124V,-4.346,124
A124L,-5.836,124
A124I,-5.427,124
A124M,-6.346,124
A124P,-2.548,124
A124Y,-9.697,124
A124F,-8.752,124
A124W,-10.109,124
D125K,-17.796,125
D125R,-18.424,125
D125H,-16.815,125
D125E,-13.449,125
D125D,0.0,125
D125N,-12.165,125
D125Q,-17.423,125
D125T,-15.271,125
D125S,-14.72,125
D125C,-11.878,125
D125G,-13.493,125
D125A,-14.169,125
D125V,-15.902,125
D125L,-16.489,125
D125I,-17.664,125
D125M,-18.841,125
D125P,-17.402,125
D125Y,-15.441,125
D125F,-17.988,125
D125W,-19.89,125
D126K,-18.224,126
D126R,-19.4,126
D126H,-15.688,126
D126E,-11.651,126
D126D,0.0,126
D126N,-12.319,126
D126Q,-16.18,126
D126T,-17.119,126
D126S,-16.444,126
D126C,-16.121,126
D126G,-13.237,126
D126A,-15.334,126
D126V,-15.081,126
D126L,-18.023,126
D126I,-18.597,126
D126M,-19.644,126
D126P,-19.805,126
D126Y,-14.624,126
D126F,-17.495,126
D126W,-20.533,126
L127K,-12.919,127
L127R,-12.236,127
L127H,-11.531,127
L127E,-13.094,127
L127D,-14.05,127
L127N,-14.266,127
L127Q,-11.779,127
L127T,-13.146,127
L127S,-13.159,127
L127C,-12.724,127
L127G,-14.591,127
L127A,-14.152,127
L127V,-10.988,127
L127L,0.0,127
L127I,-10.069,127
L127M,-8.268,127
L127P,-11.505,127
L127Y,-11.186,127
L127F,-8.716,127
L127W,-12.477,127
G128K,-12.942,128
G128R,-13.217,128
G128H,-13.585,128
G128E,-10.699,128
G128D,-10.663,128
G128N,-12.128,128
G128Q,-11.887,128
G128T,-13.778,128
G128S,-10.925,128
G128C,-12.423,128
G128G,0.0,128
G128A,-9.928,128
G128V,-15.339,128
G128L,-14.338,128
G128I,-17.986,128
G128M,-14.704,128
G128P,-17.196,128
G128Y,-15.549,128
G128F,-14.634,128
G128W,-15.399,128
K129K,0.0,129
K129R,-4.453,129
K129H,-8.85,129
K129E,-10.448,129
K129D,-11.318,129
K129N,-9.719,129
K129Q,-8.255,129
K129T,-9.231,129
K129S,-10.311,129
K129C,-10.624,129
K129G,-11.809,129
K129A,-9.592,129
K129V,-9.799,129
K129L,-6.53,129
K129I,-10.502,129
K129M,-9.476,129
K129P,-13.805,129
K129Y,-11.523,129
K129F,-11.349,129
K129W,-13.313,129
G130K,-8.755,130
G130R,-10.741,130
G130H,-8.492,130
G130E,-6.901,130
G130D,-8.023,130
G130N,-7.089,130
G130Q,-7.687,130
G130T,-7.988,130
G130S,-7.716,130
G130C,-10.428,130
G130G,0.0,130
G130A,-8.086,130
G130V,-8.54,130
G130L,-10.354,130
G130I,-10.959,130
G130M,-9.687,130
G130P,-13.763,130
G130Y,-11.199,130
G130F,-10.808,130
G130W,-13.293,130
G131K,-9.1,131
G131R,-11.949,131
G131H,-10.365,131
G131E,-7.783,131
G131D,-5.272,131
G131N,-6.122,131
G131Q,-9.401,131
G131T,-8.731,131
G131S,-8.301,131
G131C,-11.875,131
G131G,0.0,131
G131A,-9.443,131
G131V,-10.783,131
G131L,-11.844,131
G131I,-12.425,131
G131M,-11.818,131
G131P,-12.605,131
G131Y,-13.331,131
G131F,-13.523,131
G131W,-15.461,131
N132K,-6.575,132
N132R,-7.847,132
N132H,-2.21,132
N132E,-8.764,132
N132D,-5.772,132
N132N,0.0,132
N132Q,-7.997,132
N132T,-7.753,132
N132S,-5.404,132
N132C,-8.439,132
N132G,-5.769,132
N132A,-8.358,132
N132V,-11.055,132
N132L,-10.568,132
N132I,-11.324,132
N132M,-10.139,132
N132P,-11.723,132
N132Y,-8.379,132
N132F,-9.464,132
N132W,-11.126,132
E133K,-8.592,133
E133R,-13.012,133
E133H,-12.03,133
E133E,0.0,133
E133D,-5.044,133
E133N,-9.568,133
E133Q,-8.431,133
E133T,-9.33,133
E133S,-8.96,133
E133C,-13.662,133
E133G,-9.574,133
E133A,-7.047,133
E133V,-8.532,133
E133L,-10.38,133
E133I,-10.547,133
E133M,-11.556,133
E133P,-7.286,133
E133Y,-14.138,133
E133F,-13.611,133
E133W,-15.872,133
E134K,-9.174,134
E134R,-12.15,134
E134H,-9.379,134
E134E,0.0,134
E134D,-5.098,134
E134N,-8.638,134
E134Q,-6.877,134
E134T,-9.27,134
E134S,-8.804,134
E134C,-12.028,134
E134G,-8.212,134
E134A,-6.195,134
E134V,-8.934,134
E134L,-5.943,134
E134I,-9.971,134
E134M,-8.082,134
E134P,-11.821,134
E134Y,-10.349,134
E134F,-9.71,134
E134W,-12.34,134
S135K,-17.033,135
S135R,-17.179,135
S135H,-18.724,135
S135E,-16.593,135
S135D,-16.01,135
S135N,-14.645,135
S135Q,-18.433,135
S135T,-10.911,135
S135S,0.0,135
S135C,-14.486,135
S135G,-14.484,135
S135A,-13.726,135
S135V,-18.104,135
S135L,-15.16,135
S135I,-17.681,135
S135M,-17.899,135
S135P,-16.101,135
S135Y,-17.899,135
S135F,-15.39,135
S135W,-17.715,135
T136K,-0.339,136
T136R,-4.064,136
T136H,-7.427,136
T136E,-5.501,136
T136D,-7.563,136
T136N,-5.192,136
T136Q,-4.939,136
T136T,0.0,136
T136S,-4.989,136
T136C,-7.597,136
T136G,-7.19,136
T136A,-5.198,136
T136V,-4.59,136
T136L,0.568,136
T136I,-4.701,136
T136M,-4.008,136
T136P,-9.088,136
T136Y,-8.09,136
T136F,-6.541,136
T136W,-7.569,136
K137K,0.0,137
K137R,-7.973,137
K137H,-12.114,137
K137E,-11.005,137
K137D,-13.084,137
K137N,-10.259,137
K137Q,-9.1,137
K137T,-5.734,137
K137S,-8.987,137
K137C,-12.696,137
K137G,-12.173,137
K137A,-9.911,137
K137V,-7.395,137
K137L,-9.625,137
K137I,-7.417,137
K137M,-9.702,137
K137P,-14.619,137
K137Y,-14.897,137
K137F,-13.169,137
K137W,-16.657,137
T138K,-15.136,138
T138R,-17.492,138
T138H,-16.507,138
T138E,-15.246,138
T138D,-13.044,138
T138N,-12.716,138
T138Q,-16.756,138
T138T,0.0,138
T138S,-10.298,138
T138C,-13.313,138
T138G,-15.151,138
T138A,-11.512,138
T138V,-13.386,138
T138L,-15.403,138
T138I,-12.369,138
T138M,-14.112,138
T138P,-14.312,138
T138Y,-16.721,138
T138F,-17.11,138
T138W,-19.884,138
G139K,-14.765,139
G139R,-11.629,139
G139H,-16.029,139
G139E,-12.221,139
G139D,-12.846,139
G139N,-14.268,139
G139Q,-15.682,139
G139T,-17.088,139
G139S,-11.935,139
G139C,-11.794,139
G139G,0.0,139
G139A,-13.174,139
G139V,-15.086,139
G139L,-16.321,139
G139I,-18.605,139
G139M,-16.521,139
G139P,-19.431,139
G139Y,-15.974,139
G139F,-15.224,139
G139W,-13.685,139
N140K,-13.395,140
N140R,-15.26,140
N140H,-8.473,140
N140E,-12.347,140
N140D,-6.519,140
N140N,0.0,140
N140Q,-12.981,140
N140T,-12.215,140
N140S,-10.025,140
N140C,-12.288,140
N140G,-8.24,140
N140A,-11.605,140
N140V,-13.537,140
N140L,-14.28,140
N140I,-14.11,140
N140M,-12.459,140
N140P,-18.1,140
N140Y,-13.141,140
N140F,-13.526,140
N140W,-18.176,140
A141K,-15.065,141
A141R,-15.638,141
A141H,-17.748,141
A141E,-14.184,141
A141D,-13.378,141
A141N,-14.298,141
A141Q,-15.392,141
A141T,-11.532,141
A141S,-6.417,141
A141C,-10.308,141
A141G,-10.311,141
A141A,0.0,141
A141V,-10.73,141
A141L,-16.45,141
A141I,-15.606,141
A141M,-15.629,141
A141P,-13.197,141
A141Y,-17.384,141
A141F,-16.439,141
A141W,-19.447,141
G142K,-16.552,142
G142R,-14.226,142
G142H,-17.88,142
G142E,-12.548,142
G142D,-12.403,142
G142N,-13.913,142
G142Q,-16.709,142
G142T,-16.742,142
G142S,-11.092,142
G142C,-13.045,142
G142G,0.0,142
G142A,-13.022,142
G142V,-16.111,142
G142L,-17.923,142
G142I,-19.572,142
G142M,-18.943,142
G142P,-20.622,142
G142Y,-17.888,142
G142F,-17.775,142
G142W,-16.851,142
S143K,-6.869,143
S143R,-9.462,143
S143H,-8.594,143
S143E,-4.988,143
S143D,-5.02,143
S143N,-6.513,143
S143Q,-6.094,143
S143T,-5.569,143
S143S,0.0,143
S143C,-9.276,143
S143G,-2.442,143
S143A,-1.173,143
S143V,-6.888,143
S143L,-7.67,143
S143I,-9.254,143
S143M,-7.535,143
S143P,-3.272,143
S143Y,-10.223,143
S143F,-9.38,143
S143W,-12.714,143
R144K,-13.268,144
R144R,0.0,144
R144H,-17.839,144
R144E,-20.113,144
R144D,-21.122,144
R144N,-17.267,144
R144Q,-15.736,144
R144T,-15.818,144
R144S,-15.481,144
R144C,-15.163,144
R144G,-13.204,144
R144A,-15.91,144
R144V,-15.575,144
R144L,-16.496,144
R144I,-16.702,144
R144M,-17.721,144
R144P,-15.064,144
R144Y,-20.441,144
R144F,-19.8,144
R144W,-19.193,144
L145K,-8.216,145
L145R,-9.365,145
L145H,-11.136,145
L145E,-12.22,145
L145D,-13.862,145
L145N,-10.328,145
L145Q,-9.993,145
L145T,-9.007,145
L145S,-9.681,145
L145C,-8.21,145
L145G,-11.3,145
L145A,-7.026,145
L145V,-4.457,145
L145L,0.0,145
L145I,-5.693,145
L145M,-7.509,145
L145P,-8.875,145
L145Y,-9.947,145
L145F,-8.62,145
L145W,-11.09,145
A146K,-15.112,146
A146R,-15.372,146
A146H,-16.232,146
A146E,-14.893,146
A146D,-15.75,146
A146N,-13.471,146
A146Q,-13.983,146
A146T,-9.292,146
A146S,-6.092,146
A146C,-8.032,146
A146G,-5.156,146
A146A,0.0,146
A146V,-10.075,146
A146L,-12.22,146
A146I,-12.442,146
A146M,-13.128,146
A146P,-13.827,146
A146Y,-15.301,146
A146F,-14.346,146
A146W,-17.602,146
C147K,-17.256,147
C147R,-13.137,147
C147H,-15.287,147
C147E,-15.403,147
C147D,-15.51,147
C147N,-14.954,147
C147Q,-13.764,147
C147T,-12.651,147
C147S,-11.293,147
C147C,0.0,147
C147G,-11.807,147
C147A,-12.319,147
C147V,-13.175,147
C147L,-13.543,147
C147I,-14.202,147
C147M,-15.136,147
C147P,-16.27,147
C147Y,-10.997,147
C147F,-9.803,147
C147W,-12.141,147
G148K,-15.745,148
G148R,-14.709,148
G148H,-17.89,148
G148E,-16.211,148
G148D,-16.314,148
G148N,-14.743,148
G148Q,-16.584,148
G148T,-14.378,148
G148S,-11.586,148
G148C,-8.294,148
G148G,0.0,148
G148A,-7.533,148
G148V,-14.226,148
G148L,-16.387,148
G148I,-16.406,148
G148M,-16.402,148
G148P,-17.295,148
G148Y,-18.801,148
G148F,-17.35,148
G148W,-18.92,148
V149K,-13.994,149
V149R,-15.211,149
V149H,-15.52,149
V149E,-13.003,149
V149D,-14.507,149
V149N,-13.695,149
V149Q,-13.462,149
V149T,-10.669,149
V149S,-13.448,149
V149C,-11.486,149
V149G,-14.351,149
V149A,-10.048,149
V149V,0.0,149
V149L,-8.296,149
V149I,-4.707,149
V149M,-10.556,149
V149P,-14.006,149
V149Y,-13.005,149
V149F,-11.178,149
V149W,-15.404,149
I150K,-17.433,150
I150R,-17.798,150
I150H,-18.933,150
I150E,-16.656,150
I150D,-17.078,150
I150N,-16.049,150
I150Q,-16.655,150
I150T,-12.633,150
I150S,-15.684,150
I150C,-12.01,150
I150G,-15.709,150
I150A,-12.557,150
I150V,-6.015,150
I150L,-9.407,150
I150I,0.0,150
I150M,-10.696,150
I150P,-16.713,150
I150Y,-16.529,150
I150F,-9.616,150
I150W,-17.405,150
G151K,-11.594,151
G151R,-11.859,151
G151H,-13.556,151
G151E,-10.777,151
G151D,-12.084,151
G151N,-10.513,151
G151Q,-11.453,151
G151T,-12.247,151
G151S,-9.098,151
G151C,-11.481,151
G151G,0.0,151
G151A,-6.732,151
G151V,-13.366,151
G151L,-14.152,151
G151I,-15.199,151
G151M,-14.685,151
G151P,-11.731,151
G151Y,-15.318,151
G151F,-15.254,151
G151W,-16.906,151
I152K,-8.795,152
I152R,-8.761,152
I152H,-9.41,152
I152E,-12.059,152
I152D,-14.058,152
I152N,-11.754,152
I152Q,-9.543,152
I152T,-10.258,152
I152S,-10.915,152
I152C,-10.907,152
I152G,-13.294,152
I152A,-10.248,152
I152V,-6.423,152
I152L,-4.379,152
I152I,0.0,152
I152M,-7.873,152
I152P,-13.145,152
I152Y,-7.386,152
I152F,-6.648,152
I152W,-10.037,152
A153K,-6.252,153
A153R,-8.308,153
A153H,-9.439,153
A153E,-7.718,153
A153D,-9.476,153
A153N,-7.195,153
A153Q,-3.738,153
A153T,-4.559,153
A153S,-4.152,153
A153C,-7.484,153
A153G,-7.285,153
A153A,0.0,153
A153V,-4.275,153
A153L,-6.389,153
A153I,-5.889,153
A153M,-7.208,153
A153P,-9.597,153
A153Y,-9.848,153
A153F,-8.963,153
A153W,-11.423,153
Q154K,-3.52,154
Q154R,-7.025,154
Q154H,-6.617,154
Q154E,-6.481,154
Q154D,-7.444,154
Q154N,-4.816,154
Q154Q,0.0,154
Q154T,-5.851,154
Q154S,-3.871,154
Q154C,-9.403,154
Q154G,-5.837,154
Q154A,-3.775,154
Q154V,-6.856,154
Q154L,-6.773,154
Q154I,-7.65,154
Q154M,-7.824,154
Q154P,-6.5,154
Q154Y,-9.433,154
Q154F,-8.959,154
Q154W,-11.598,154
