treatment,mean,sem,replicates
A140G,2.028821877,0.004561203,3
A4G,2.064413067,0.002464951,3
A4V,2.162077971,0.052233792,3
AcGFP,2.456656423,0.005270981,4
AcGFPmCh,2.346358055,0.016496085,4
C146R,2.088918007,0.035743387,3
C6G,2.153129903,0.008828156,3
D90A,2.056243343,0.095940489,3
D90G,1.798141418,0.010044981,3
E100G,2.183110133,0.055091959,3
FL1,1.777525124,0.085828581,4
FL4,1.897530585,0.081823374,4
FL8,1.906964071,0.05006549,4
G37R,2.106984828,0.014232858,3
G93A,2.219405032,0.045408337,3
G93D,2.193348797,0.02193939,4
H46R,2.025199662,0.036045548,3
H48Q,2.052538693,0.04128015,3
H48T,1.911504618,0.00963911,3
H63V,1.880194818,0.012304227,3
I112T,2.187902341,0.017086239,3
I17G,2.156570185,0.04446484,3
K30F,1.92923735,0.00056004,3
L38E,2.215220234,0.024471825,3
N53L,1.757911184,0.005844228,3
N65F,2.048378452,0.006123421,3
R79I,2.060353009,0.017594598,3
S98D,1.79734358,0.021492225,3
V148G,2.18968146,0.026671636,3
V97Q,2.180444527,0.007795543,3
WT,1.784071778,0.018592717,4
