ID;score_r1;score_r2;score_r3;assay
WT;1;1;1;survival
A4G;0.988497;1.11407;1.104496;survival
A4V;0.610065;0.677375;0.744667;survival
C6G;1.058954;1.003436;0.929898;survival
I17G;0.95281;0.964096;0.917099;survival
K30F;1.013333;0.877169;0.893469;survival
W32S;1.001569;1.068974;0.928914;survival
G37R;1.047843;1.015461;0.869839;survival
L38E;0.723529;0.729943;0.678175;survival
H46R;0.718301;0.732864;0.854086;survival
H48Q;0.765752;0.692321;0.931867;survival
H48T;0.921699;0.802611;1.013587;survival
N53L;0.995556;0.74781;0.906597;survival
H63V;0.782092;0.698849;0.851132;survival
N65F;0.814379;0.762927;0.874106;survival
K75R;0.831634;0.658822;0.91152;survival
D76Y;0.901176;0.80055;0.854742;survival
R79I;0.947582;0.823054;0.840958;survival
G85R;0.69817;0.582374;0.621726;survival
D90A;0.772549;0.880089;1.1445;survival
D90G;0.83098;0.798488;0.974412;survival
G93A;0.779608;0.609689;0.698851;survival
G93D;0.79817;0.700739;0.812077;survival
V97Q;0.663007;0.658993;0.674237;survival
S98D;0.857516;0.922178;0.853758;survival
E100G;0.85098;0.660539;0.749721;survival
I112T;0.648889;0.706408;0.691959;survival
K136R;0.730588;0.670675;0.843912;survival
A140G;0.763007;0.850885;0.815031;survival
C146R;0.796863;0.708813;0.817329;survival
V148G;0.659216;0.360247;0.577092;survival
I149D;0.558562;0.482735;0.611224;survival
I149S;0.518301;0.388765;0.663078;survival
I149T;0.700392;0.673252;0.746439;survival
I149V;0.881569;0.762068;0.873121;survival
WT;1;1;1;inclusions
A4G;1.835156131;1.143694888;2.525164341;inclusions
A4V;19.26112907;22.73966981;14.15115329;inclusions
C6G;4.78548819;4.035788543;5.702944708;inclusions
I17G;4.673290333;6.183392615;7.033992239;inclusions
K30F;0.907312944;1.053694703;1.528074245;inclusions
W32S;1.844182063;1.706250204;2.065233277;inclusions
G37R;10.89054518;9.227718134;9.056556299;inclusions
L38E;5.485321277;4.320146258;4.381847302;inclusions
H46R;2.03147563;2.078007558;3.320509801;inclusions
H48Q;3.015944188;2.454027235;4.635942587;inclusions
H48T;1.772959659;2.667037712;2.73942046;inclusions
N53L;1.238342103;1.360726391;2.258693175;inclusions
H63V;1.869026065;3.291139564;7.365999525;inclusions
N65F;6.853002577;4.766378901;6.630061006;inclusions
K75R;0.778289994;1.260766109;1.538353328;inclusions
D76Y;2.513082202;2.322280942;5.628409181;inclusions
R79I;7.166922881;4.69123256;7.23316045;inclusions
G85R;22.70641312;15.44186817;17.64582039;inclusions
D90A;1.738966475;1.412391207;1.868751981;inclusions
D90G;0.946359388;1.313763341;0.997802254;inclusions
G93A;12.06856918;14.36842323;8.086705496;inclusions
G93D;13.78220629;9.132617251;11.57205126;inclusions
V97Q;14.94980657;11.87920893;11.71863127;inclusions
S98D;1.309621832;1.05813932;1.601635452;inclusions
E100G;9.184517093;8.839186249;6.44032462;inclusions
I112T;17.50713466;7.502704021;9.271886179;inclusions
K136R;1.837362215;1.66859117;3.231488034;inclusions
A140G;2.573544572;2.999764868;3.866405576;inclusions
C146R;8.559190217;6.167238059;9.131403208;inclusions
V148G;15.18406804;15.44991726;9.635332884;inclusions
I149D;23.76507546;16.32317392;9.224581406;inclusions
I149S;24.29267253;25.59660635;13.44544884;inclusions
I149T;21.15467333;16.10936205;13.60873293;inclusions
I149V;1.293398659;1.513546526;3.388520394;inclusions
WT;1;1;1;intensity
A4G;0.808962;0.853372;0.773836;intensity
A4V;0.504501;0.330147;0.298171;intensity
C6G;0.587217;0.493021;0.472616;intensity
I17G;0.641828;0.688563;0.58592;intensity
K30F;0.956591;1.127859;0.922395;intensity
W32S;1.065213;1.07654;1.124612;intensity
G37R;0.578016;0.469208;0.440133;intensity
L38E;0.571914;0.535601;0.452882;intensity
H46R;0.633727;0.723167;0.592572;intensity
H48Q;0.792258;0.846921;0.753326;intensity
H48T;0.995099;1.028152;0.935698;intensity
N53L;0.90068;1.075073;0.857539;intensity
H63V;0.918784;1.116129;0.896896;intensity
N65F;0.634827;0.606452;0.531153;intensity
K75R;0.939888;1.098534;0.772727;intensity
D76Y;0.79916;0.757771;0.735033;intensity
R79I;0.644329;0.689736;0.604767;intensity
G85R;0.565713;0.473255;0.407373;intensity
D90A;1.033207;1.11261;1.032151;intensity
D90G;0.944589;0.978886;0.976164;intensity
G93A;0.519004;0.445044;0.36031;intensity
G93D;0.523405;0.398886;0.353104;intensity
V97Q;0.483897;0.412141;0.350831;intensity
S98D;1.045209;1.195894;0.941796;intensity
E100G;0.461992;0.453724;0.328381;intensity
I112T;0.471994;0.410499;0.336918;intensity
K136R;0.793759;1.123167;0.598115;intensity
A140G;0.722645;0.795308;0.743348;intensity
C146R;0.636427;0.655718;0.508758;intensity
V148G;0.39868;0.35824;0.271397;intensity
I149D;0.55191;0.447566;0.376774;intensity
I149S;0.533307;0.437067;0.347672;intensity
I149T;0.520804;0.456657;0.367905;intensity
I149V;0.971494;1.178886;0.878049;intensity
