hgvs_pro;ID;Clinvar classification;Clinvar stars;Information;DMS_classification;ALS_patients;Type_ALS;Zygosity;Aggregation;Reference
p.Val6Met;V5M;Likely pathogenic;1;"neutral non-polar to neutral non-polar; no AF; observed in patienst with clinical ALS features";VUS;YES;familial;;NO;
p.Val15Leu;V14L;Pathogenic/likely pathogenic;2;"identified in one patient with no ALS history; no AF";Likely pathogenic;YES;sporadic;;NO;
p.Val15Met;V14M;Pathogenic/likely pathogenic;2;"affects function; obersved in inviduals with autosomal dominant ALS; no familiy history";Likely pathogenic;YES;familial/sporadic;homozygote;YES;https://academic.oup.com/hmg/article/18/17/3217/2527249?login=false
p.Asn66Ser;N65S;Pathogenic/likely pathogenic;2;"sALS; no AF; autosomal dominant ALS";Likely pathogenic;YES;familial;;;
p.Ser69Pro;S68P;Likely pathogenic;1;no data in literature;VUS;YES;sporadic;;;
p.Asp77Tyr;D76Y;Pathogenic/likely pathogenic;2;"observed in ALS patients; affects function; predicted to create new splice sites";Likely pathogenic;YES;familial/sporadic;;;
p.Asp77Val;D76V;Pathogenic/likely pathogenic;2;;;YES;familial;;;
p.Ala90Val;A89V;Pathogenic/likely pathogenic;2;"the penetrance of this variant is modulated by other genes (e.g ANG and SPG11 mutations); apparently sporadic ALS";Likely pathogenic;YES;familial/sporadic;;;
p.Asp97Val;D96V;Likely pathogenic;1;"likely associated with autossomal recessive ALS; no data in the literature; predicted to be benign moderate";VUS;YES;sporadic;compound hetero;;
p.Glu101Lys;E100K;Pathogenic/likely pathogenic;2;"disrupts protein function (?); increases propoensity to form aggregates; noAF; found in sALS patients";VUS;YES;familial/sporadic;;YES;https://academic.oup.com/hmg/article/18/17/3217/2527249?login=false
p.Asp102Asn;D101N;Pathogenic;1;"no AF; sALS";Likely pathogenic;YES;familial/sporadic;;NO;https://academic.oup.com/hmg/article/18/17/3217/2527249?login=false
p.Val120Leu;V119L;Pathogenic/likely pathogenic;2;"AF=1.3e-06 (extremely low); fALS and sALS; incomplete penetrance";Likely pathogenic;YES;;;;
p.Glu122Lys;E121K;Likely pathogenic;1;;;NO;;;;
p.Asp126Asn;D125N;Likely pathogenic;1;;VUS;YES;familial;;;https://www.mdpi.com/1422-0067/21/18/6807
p.Leu127Ser;L126S;Pathogenic;1;;Pathogenic;YES;familial/sporadic;;;
p.Asn132Lys;N131K;Likely pathogenic;1;;VUS;YES;;heterozygote;;
p.Glu134Gly;E133G;Pathogenic;1;;VUS;YES;;;;https://pubmed.ncbi.nlm.nih.gov/25509359/
p.Glu134Lys;E133K;Likely pathogenic;1;;VUS;YES;familial;;;
p.Ser135Asn;S134N;Pathogenic;1;;Likely pathogenic;YES;familial/sporadic;;;
p.Asn140Lys;N139K;Pathogenic/likely pathogenic;2;;Likely pathogenic;YES;familial;;YES;https://academic.oup.com/hmg/article/18/17/3217/2527249?login=false
p.Leu145Phe;L144F;Pathogenic;2;;Likely pathogenic;YES;familial/sporadic;heterozygote;YES;https://academic.oup.com/hmg/article/18/17/3217/2527249?login=false
p.Leu145Ser;L144S;Pathogenic;2;;Pathogenic;YES;familial/sporadic;homozygote/heterozygote;YES;https://academic.oup.com/hmg/article/18/17/3217/2527249?login=false
p.Val149Ile;V148I;Likely pathogenic;2;;VUS;YES;familial;;NO;https://academic.oup.com/hmg/article/18/17/3217/2527249?login=false
