Variant;ID;N;Number of families;ACMG classification;ALS type;Inheritance pattern;Penetrance
p.Gly38Arg;G37R;58;34 (58.62%);Pathogenic;fALS;AD;High
p.Glu22Gly;E21G;11;6 (54.55%);Likely pathogenic;fALS;AD;High
p.Asn140His;N139H;10;7 (70%);Likely pathogenic;fALS and sALS;AD;Incomplete
p.Val120Leu;V119L;10;10 (100%);Pathogenic;sALS and fALS;AD;Incomplete
p.Asp91Ala;D90A;5;3 (60%);Pathogenic;fALS and sALS;AD (2) and AR (3);Incomplete/High
p.Asp77Val;D76V;4;3 (75%);Likely pathogenic;fALS;AD;High
p.Gln23Leu;Q22L;4;3 (75%);Likely pathogenic;fALS;AD;High
p.Ile150Thr;I149T;4;2 (50%);Pathogenic;fALS;AD;Incomplete
p.Leu107Val;L106V;4;3 (75%);Likely pathogenic;fALS;AD;High
p.Asn66Ser;N65S;3;3 (100%);Pathogenic;fALS and sALS;AD;Incomplete
p.Glu134Ala;E133A;3;1 (33.33%);Likely pathogenic;fALS;AD;NA
p.Leu85Phe;L84F;3;2 (66.67%);Pathogenic;fALS;AD;High
p.Ser106Leu;S105L;3;2 (66.67%);Likely pathogenic;fALS and sALS;AD;Incomplete
p.Gly94Ser;G93S;2;2 (100%);Pathogenic;fALS;AD;Incomplete
p.Ile113Met;I112M;2;1 (50%);Pathogenic;fALS;AD;High
p.Ile114Thr;I113T;2;2 (100%);Pathogenic;fALS;AD;Incomplete
p.Ile152Thr;I151T;2;1 (50%);Pathogenic;fALS;AD;High
p.Leu118Val;L117V;2;1 (50%);Likely pathogenic;fALS;AD;Incomplete
p.Leu145Phe;L144F;2;2 (100%);Pathogenic;fALS and sALS;AD;Incomplete
p.Arg144Pro;R143P;1;1 (100%);Likely pathogenic;sALS;AD;Incomplete
p.Glu134del;E133d;1;1 (100%);Likely pathogenic;sALS;AD;Incomplete
p.Glu41Asp;E40D;1;1 (100%);Likely pathogenic;sALS;AD;Incomplete
p.His49Arg;H48R;1;1 (100%);Likely pathogenic;sALS;AD;Incomplete
p.Ile113Thr;I112T;1;1 (100%);Pathogenic;fALS;AD;High
p.Leu107_Ser108delinsPro;;1;1 (100%);Likely pathogenic;fALS;AD;High
p.Leu127SerfsTer7;;1;1 (100%);Pathogenic;fALS;AD;High
p.Lys4Glu;K3E;1;1 (100%);Likely pathogenic;sALS;AD;Incomplete
p.Val15Gly;V14G;1;1 (100%);Likely pathogenic;fALS;AD;Incomplete
p.Val6Met;V5M;1;1 (100%);Likely pathogenic;sALS;AD;Incomplete
