ID;Survival time;Penetrance;State;Age of onset;Specific age of onset;Activity
Val8Glu;Short;NA;NA;NA;NA;NA
Val149Ile;Short;NA;NA;NA;NA;NA
Val149Gly;Short;NA;NA;NA;NA;NA
Ser135Asn;Short;NA;NA;NA;NA;NA
Lys13Arg;Long;NA;NA;NA;NA;NA
Leu9Gln;Short;NA;NA;NA;NA;NA
Leu145Phe;Longest (44-45 y);NA;NA;NA;NA;NA
Leu127Ser;Long;NA;NA;NA;NA;NA
Leu118Val;Long;Greatly reduced;NA;NA;NA;Normal
Leu107Val;Short;NA;NA;NA;NA;NA
Ile150Thr;Long;NA;NA;NA;NA;NA
Ile114Phe;Long;NA;NA;NA;NA;NA
Ile113Thr;Short;NA;NA;NA;NA;NA
Ile105Phe;Long;NA;NA;NA;NA;NA
His49Gln;Short;NA;NA;NA;NA;NA
His47Arg;Long;Complete;NA;NA;NA;No
His44Arg;Short;NA;NA;NA;NA;NA
Gly94Val;Long;NA;NA;NA;NA;NA
Gly94Ser;Long;Greatly reduced;NA;NA;NA;NA
Gly94Cys;Long;NA;NA;NA;NA;NA
Gly94Asp;Long;NA;NA;NA;NA;NA
Gly94Ala;Short;NA;NA;NA;NA;NA
Gly42Ser;Short;NA;NA;NA;NA;NA
Gly42Asp;Long;NA;NA;NA;NA;NA
Gly17Cys;NA;Complete;NA;NA;NA;NA
Gly11Val;Short;NA;NA;NA;NA;NA
Gly115Ala;Short;Complete;NA;NA;NA;NA
Glu22Gly;Long;NA;NA;NA;NA;NA
Glu22Gln;Longest (44-45 y);NA;NA;NA;NA;NA
Glu101Lys;Long;NA;NA;NA;NA;NA
Cys7Ser;NA;Greatly reduced;NA;NA;NA;Normal
Cys7Phe;Shortest (2-3 m);Complete;NA;NA;NA;NA
Cys7Gly;Shortest (2-3 m);Complete;NA;NA;NA;NA
Asp91Val;Short;NA;NA;NA;NA;NA
Asp91Ala;Long;Complete;Homozygous;Oldest;94 y;Normal
Asp77Val;Long;Complete;NA;NA;NA;NA
Asp12Tyr;NA;Greatly reduced;NA;NA;NA;NA
Asp126His;Short;NA;NA;NA;NA;NA
Asp102Tyr;Short;NA;NA;NA;NA;NA
Asp102His;Short;Complete;NA;NA;NA;NA
Asp102Gly;Short;NA;NA;NA;NA;NA
Asn87Lys;NA;Complete;NA;NA;NA;NA
Asn66Ser;Long;Greatly reduced;NA;NA;NA;NA
Arg116Gly;Short;NA;NA;NA;NA;NA
Ala90Val;Long;NA;NA;Youngest;NA;NA
Ala5Val;Short;NA;NA;NA;NA;NA
Ala5Thr;Short;NA;NA;NA;NA;NA
Ala5Pro;Short;NA;NA;NA;NA;NA
Pro67Ser;NA;Greatly reduced;NA;NA;NA;NA
Asp77Tyr;NA;Greatly reduced;NA;NA;NA;NA
Asp91Ala;NA;Greatly reduced;Heterozygous;NA;NA;NA
Ser106Leu;NA;Greatly reduced;NA;NA;NA;NA
Ile114Thr;NA;Greatly reduced;NA;Oldest;83 y;NA
Thr138Arg;NA;Greatly reduced;NA;NA;NA;NA
Val119insPhe;NA;NA;NA;Oldest;83 y;NA
Val119insLeu;NA;NA;NA;Oldest;83 y;NA
Val119insGln;NA;NA;NA;Oldest;83 y;NA
Leu105Phe;NA;NA;NA;Youngest;6 y;NA
Leu85Phe;NA;NA;NA;Youngest;13 y;Normal
His72Tyr;NA;NA;NA;Youngest;19 y;NA
Glu41Gly;NA;NA;NA;NA;NA;NA
Asp110Thr;NA;NA;NA;NA;NA;Normal
Glu134Ala;NA;NA;NA;NA;NA;Normal
Gly86Arg;NA;NA;NA;NA;NA;No
Cys112Tyr;NA;NA;NA;NA;NA;No
